"case_id","scenario","g","signal_gap_fraction","a","m","M","B","focal_motion","movement_scale","rho_unit","role","target_regime","contract","case_index"
"main_g1_a0_m40","gapped_gaussian",1,1,0,40,60,199,FALSE,0,0,"null_reference","null","iid_units_nominal_contract",1
"main_g1_a0_m160","gapped_gaussian",1,1,0,160,60,199,FALSE,0,0,"null_reference","null","iid_units_nominal_contract",2
"main_g1_a0p25_m40","gapped_gaussian",1,1,0.25,40,60,199,FALSE,0,0,"anchor_change","anchor_change","iid_units_nominal_contract",3
"main_g1_a0p25_m160","gapped_gaussian",1,1,0.25,160,60,199,FALSE,0,0,"anchor_change","anchor_change","iid_units_nominal_contract",4
"main_g1_a0p5_m40","gapped_gaussian",1,1,0.5,40,60,199,FALSE,0,0,"anchor_change","anchor_change","iid_units_nominal_contract",5
"main_g1_a0p5_m160","gapped_gaussian",1,1,0.5,160,60,199,FALSE,0,0,"anchor_change","anchor_change","iid_units_nominal_contract",6
"main_g0p1_a0_m40","gapped_gaussian",0.1,0.1,0,40,60,199,FALSE,0,0,"null_reference","null","iid_units_nominal_contract",7
"main_g0p1_a0_m160","gapped_gaussian",0.1,0.1,0,160,60,199,FALSE,0,0,"null_reference","null","iid_units_nominal_contract",8
"main_g0p1_a0p25_m40","gapped_gaussian",0.1,0.1,0.25,40,60,199,FALSE,0,0,"anchor_change","anchor_change","iid_units_nominal_contract",9
"main_g0p1_a0p25_m160","gapped_gaussian",0.1,0.1,0.25,160,60,199,FALSE,0,0,"anchor_change","anchor_change","iid_units_nominal_contract",10
"main_g0p1_a0p5_m40","gapped_gaussian",0.1,0.1,0.5,40,60,199,FALSE,0,0,"anchor_change","anchor_change","iid_units_nominal_contract",11
"main_g0p1_a0p5_m160","gapped_gaussian",0.1,0.1,0.5,160,60,199,FALSE,0,0,"anchor_change","anchor_change","iid_units_nominal_contract",12
"main_g0p01_a0_m40","gapped_gaussian",0.01,0.01,0,40,60,199,FALSE,0,0,"null_reference","null","iid_units_nominal_contract",13
"main_g0p01_a0_m160","gapped_gaussian",0.01,0.01,0,160,60,199,FALSE,0,0,"null_reference","null","iid_units_nominal_contract",14
"main_g0p01_a0p25_m40","gapped_gaussian",0.01,0.01,0.25,40,60,199,FALSE,0,0,"anchor_change","anchor_change","iid_units_nominal_contract",15
"main_g0p01_a0p25_m160","gapped_gaussian",0.01,0.01,0.25,160,60,199,FALSE,0,0,"anchor_change","anchor_change","iid_units_nominal_contract",16
"main_g0p01_a0p5_m40","gapped_gaussian",0.01,0.01,0.5,40,60,199,FALSE,0,0,"anchor_change","anchor_change","iid_units_nominal_contract",17
"main_g0p01_a0p5_m160","gapped_gaussian",0.01,0.01,0.5,160,60,199,FALSE,0,0,"anchor_change","anchor_change","iid_units_nominal_contract",18
"movement_g1_a0_m40","gapped_gaussian",1,1,0,40,40,199,TRUE,0.2,0,"movement_control","focal_movement","iid_units_nominal_contract",19
"movement_g1_a0_m160","gapped_gaussian",1,1,0,160,40,199,TRUE,0.2,0,"movement_control","focal_movement","iid_units_nominal_contract",20
"movement_g1_a0p5_m40","gapped_gaussian",1,1,0.5,40,40,199,TRUE,0.2,0,"movement_control","focal_movement","iid_units_nominal_contract",21
"movement_g1_a0p5_m160","gapped_gaussian",1,1,0.5,160,40,199,TRUE,0.2,0,"movement_control","focal_movement","iid_units_nominal_contract",22
"movement_g0p01_a0_m40","gapped_gaussian",0.01,0.01,0,40,40,199,TRUE,0.2,0,"movement_control","focal_movement","iid_units_nominal_contract",23
"movement_g0p01_a0_m160","gapped_gaussian",0.01,0.01,0,160,40,199,TRUE,0.2,0,"movement_control","focal_movement","iid_units_nominal_contract",24
"movement_g0p01_a0p5_m40","gapped_gaussian",0.01,0.01,0.5,40,40,199,TRUE,0.2,0,"movement_control","focal_movement","iid_units_nominal_contract",25
"movement_g0p01_a0p5_m160","gapped_gaussian",0.01,0.01,0.5,160,40,199,TRUE,0.2,0,"movement_control","focal_movement","iid_units_nominal_contract",26
"ar1_g1_a0_m40","gapped_gaussian",1,1,0,40,40,199,FALSE,0,0.5,"dependence_stress","null","dependence_stress_outside_iid_contract",27
"ar1_g1_a0_m160","gapped_gaussian",1,1,0,160,40,199,FALSE,0,0.5,"dependence_stress","null","dependence_stress_outside_iid_contract",28
"ar1_g0p01_a0_m40","gapped_gaussian",0.01,0.01,0,40,40,199,FALSE,0,0.5,"dependence_stress","null","dependence_stress_outside_iid_contract",29
"ar1_g0p01_a0_m160","gapped_gaussian",0.01,0.01,0,160,40,199,FALSE,0,0.5,"dependence_stress","null","dependence_stress_outside_iid_contract",30
"legacy_rare_axis_m12","rare_axis",NA,NA,0,12,80,199,TRUE,0.2,0,"sparse_unit_control","focal_movement","iid_units_nominal_contract",31
