"case_id","scenario","g","signal_gap_fraction","a","m","M","B","focal_motion","movement_scale","rho_unit","role","target_regime","contract","case_index","period","lambda1","lambda2","lambda3","boundary_gap","relative_gap_lambda1","relative_gap_lambda2"
"main_g1_a0_m40","gapped_gaussian",1,1,0,40,60,199,FALSE,0,0,"null_reference","null","iid_units_nominal_contract",1,1,22.861170775363,11.1100500158649,0.0625000000000033,11.0475500158649,0.483245155045629,0.994374462769226
"main_g1_a0_m40","gapped_gaussian",1,1,0,40,60,199,FALSE,0,0,"null_reference","null","iid_units_nominal_contract",1,2,22.861170775363,11.1100500158649,0.0625000000000033,11.0475500158649,0.483245155045629,0.994374462769226
"main_g1_a0_m160","gapped_gaussian",1,1,0,160,60,199,FALSE,0,0,"null_reference","null","iid_units_nominal_contract",2,1,22.861170775363,11.1100500158649,0.0625000000000033,11.0475500158649,0.483245155045629,0.994374462769226
"main_g1_a0_m160","gapped_gaussian",1,1,0,160,60,199,FALSE,0,0,"null_reference","null","iid_units_nominal_contract",2,2,22.861170775363,11.1100500158649,0.0625000000000033,11.0475500158649,0.483245155045629,0.994374462769226
"main_g1_a0p25_m40","gapped_gaussian",1,1,0.25,40,60,199,FALSE,0,0,"anchor_change","anchor_change","iid_units_nominal_contract",3,1,22.861170775363,11.1100500158649,0.0625000000000033,11.0475500158649,0.483245155045629,0.994374462769226
"main_g1_a0p25_m40","gapped_gaussian",1,1,0.25,40,60,199,FALSE,0,0,"anchor_change","anchor_change","iid_units_nominal_contract",3,2,22.553721211179,12.1551747012252,0.0625000000000018,12.0926747012252,0.536172039549345,0.994858156995991
"main_g1_a0p25_m160","gapped_gaussian",1,1,0.25,160,60,199,FALSE,0,0,"anchor_change","anchor_change","iid_units_nominal_contract",4,1,22.861170775363,11.1100500158649,0.0625000000000033,11.0475500158649,0.483245155045629,0.994374462769226
"main_g1_a0p25_m160","gapped_gaussian",1,1,0.25,160,60,199,FALSE,0,0,"anchor_change","anchor_change","iid_units_nominal_contract",4,2,22.553721211179,12.1551747012252,0.0625000000000018,12.0926747012252,0.536172039549345,0.994858156995991
"main_g1_a0p5_m40","gapped_gaussian",1,1,0.5,40,60,199,FALSE,0,0,"anchor_change","anchor_change","iid_units_nominal_contract",5,1,22.861170775363,11.1100500158649,0.0625000000000033,11.0475500158649,0.483245155045629,0.994374462769226
"main_g1_a0p5_m40","gapped_gaussian",1,1,0.5,40,60,199,FALSE,0,0,"anchor_change","anchor_change","iid_units_nominal_contract",5,2,22.5351825344008,13.4989964990275,0.0625000000000024,13.4364964990275,0.596245292378539,0.995370026208652
"main_g1_a0p5_m160","gapped_gaussian",1,1,0.5,160,60,199,FALSE,0,0,"anchor_change","anchor_change","iid_units_nominal_contract",6,1,22.861170775363,11.1100500158649,0.0625000000000033,11.0475500158649,0.483245155045629,0.994374462769226
"main_g1_a0p5_m160","gapped_gaussian",1,1,0.5,160,60,199,FALSE,0,0,"anchor_change","anchor_change","iid_units_nominal_contract",6,2,22.5351825344008,13.4989964990275,0.0625000000000024,13.4364964990275,0.596245292378539,0.995370026208652
"main_g0p1_a0_m40","gapped_gaussian",0.1,0.1,0,40,60,199,FALSE,0,0,"null_reference","null","iid_units_nominal_contract",7,1,22.861170775363,11.1100500158649,10.0052950142784,1.10475500158649,0.048324515504563,0.0994374462769228
"main_g0p1_a0_m40","gapped_gaussian",0.1,0.1,0,40,60,199,FALSE,0,0,"null_reference","null","iid_units_nominal_contract",7,2,22.861170775363,11.1100500158649,10.0052950142784,1.10475500158649,0.048324515504563,0.0994374462769228
"main_g0p1_a0_m160","gapped_gaussian",0.1,0.1,0,160,60,199,FALSE,0,0,"null_reference","null","iid_units_nominal_contract",8,1,22.861170775363,11.1100500158649,10.0052950142784,1.10475500158649,0.048324515504563,0.0994374462769228
"main_g0p1_a0_m160","gapped_gaussian",0.1,0.1,0,160,60,199,FALSE,0,0,"null_reference","null","iid_units_nominal_contract",8,2,22.861170775363,11.1100500158649,10.0052950142784,1.10475500158649,0.048324515504563,0.0994374462769228
"main_g0p1_a0p25_m40","gapped_gaussian",0.1,0.1,0.25,40,60,199,FALSE,0,0,"anchor_change","anchor_change","iid_units_nominal_contract",9,1,22.861170775363,11.1100500158649,10.0052950142784,1.10475500158649,0.048324515504563,0.0994374462769228
"main_g0p1_a0p25_m40","gapped_gaussian",0.1,0.1,0.25,40,60,199,FALSE,0,0,"anchor_change","anchor_change","iid_units_nominal_contract",9,2,22.5576060313125,12.1856818214422,9.97090307392787,2.21477874751438,0.0981832355986719,0.181752550244435
"main_g0p1_a0p25_m160","gapped_gaussian",0.1,0.1,0.25,160,60,199,FALSE,0,0,"anchor_change","anchor_change","iid_units_nominal_contract",10,1,22.861170775363,11.1100500158649,10.0052950142784,1.10475500158649,0.048324515504563,0.0994374462769228
"main_g0p1_a0p25_m160","gapped_gaussian",0.1,0.1,0.25,160,60,199,FALSE,0,0,"anchor_change","anchor_change","iid_units_nominal_contract",10,2,22.5576060313125,12.1856818214422,9.97090307392787,2.21477874751438,0.0981832355986719,0.181752550244435
"main_g0p1_a0p5_m40","gapped_gaussian",0.1,0.1,0.5,40,60,199,FALSE,0,0,"anchor_change","anchor_change","iid_units_nominal_contract",11,1,22.861170775363,11.1100500158649,10.0052950142784,1.10475500158649,0.048324515504563,0.0994374462769228
"main_g0p1_a0p5_m40","gapped_gaussian",0.1,0.1,0.5,40,60,199,FALSE,0,0,"anchor_change","anchor_change","iid_units_nominal_contract",11,2,22.5530239608691,13.5654383272335,9.92101175960408,3.64442656762946,0.16159369909564,0.26865527524555
"main_g0p1_a0p5_m160","gapped_gaussian",0.1,0.1,0.5,160,60,199,FALSE,0,0,"anchor_change","anchor_change","iid_units_nominal_contract",12,1,22.861170775363,11.1100500158649,10.0052950142784,1.10475500158649,0.048324515504563,0.0994374462769228
"main_g0p1_a0p5_m160","gapped_gaussian",0.1,0.1,0.5,160,60,199,FALSE,0,0,"anchor_change","anchor_change","iid_units_nominal_contract",12,2,22.5530239608691,13.5654383272335,9.92101175960408,3.64442656762946,0.16159369909564,0.26865527524555
"main_g0p01_a0_m40","gapped_gaussian",0.01,0.01,0,40,60,199,FALSE,0,0,"null_reference","null","iid_units_nominal_contract",13,1,22.861170775363,11.1100500158649,10.9995745157062,0.110475500158651,0.00483245155045641,0.0099437446276925
"main_g0p01_a0_m40","gapped_gaussian",0.01,0.01,0,40,60,199,FALSE,0,0,"null_reference","null","iid_units_nominal_contract",13,2,22.861170775363,11.1100500158649,10.9995745157062,0.110475500158651,0.00483245155045641,0.0099437446276925
"main_g0p01_a0_m160","gapped_gaussian",0.01,0.01,0,160,60,199,FALSE,0,0,"null_reference","null","iid_units_nominal_contract",14,1,22.861170775363,11.1100500158649,10.9995745157062,0.110475500158651,0.00483245155045641,0.0099437446276925
"main_g0p01_a0_m160","gapped_gaussian",0.01,0.01,0,160,60,199,FALSE,0,0,"null_reference","null","iid_units_nominal_contract",14,2,22.861170775363,11.1100500158649,10.9995745157062,0.110475500158651,0.00483245155045641,0.0099437446276925
"main_g0p01_a0p25_m40","gapped_gaussian",0.01,0.01,0.25,40,60,199,FALSE,0,0,"anchor_change","anchor_change","iid_units_nominal_contract",15,1,22.861170775363,11.1100500158649,10.9995745157062,0.110475500158651,0.00483245155045641,0.0099437446276925
"main_g0p01_a0p25_m40","gapped_gaussian",0.01,0.01,0.25,40,60,199,FALSE,0,0,"anchor_change","anchor_change","iid_units_nominal_contract",15,2,22.5583622814312,12.2152368873055,10.9348712593737,1.2803656279318,0.0567579158432847,0.104817093581083
"main_g0p01_a0p25_m160","gapped_gaussian",0.01,0.01,0.25,160,60,199,FALSE,0,0,"anchor_change","anchor_change","iid_units_nominal_contract",16,1,22.861170775363,11.1100500158649,10.9995745157062,0.110475500158651,0.00483245155045641,0.0099437446276925
"main_g0p01_a0p25_m160","gapped_gaussian",0.01,0.01,0.25,160,60,199,FALSE,0,0,"anchor_change","anchor_change","iid_units_nominal_contract",16,2,22.5583622814312,12.2152368873055,10.9348712593737,1.2803656279318,0.0567579158432847,0.104817093581083
"main_g0p01_a0p5_m40","gapped_gaussian",0.01,0.01,0.5,40,60,199,FALSE,0,0,"anchor_change","anchor_change","iid_units_nominal_contract",17,1,22.861170775363,11.1100500158649,10.9995745157062,0.110475500158651,0.00483245155045641,0.0099437446276925
"main_g0p01_a0p5_m40","gapped_gaussian",0.01,0.01,0.5,40,60,199,FALSE,0,0,"anchor_change","anchor_change","iid_units_nominal_contract",17,2,22.5564993348144,13.5987489024382,10.878505311882,2.72024359055615,0.120596886519427,0.200036312904376
"main_g0p01_a0p5_m160","gapped_gaussian",0.01,0.01,0.5,160,60,199,FALSE,0,0,"anchor_change","anchor_change","iid_units_nominal_contract",18,1,22.861170775363,11.1100500158649,10.9995745157062,0.110475500158651,0.00483245155045641,0.0099437446276925
"main_g0p01_a0p5_m160","gapped_gaussian",0.01,0.01,0.5,160,60,199,FALSE,0,0,"anchor_change","anchor_change","iid_units_nominal_contract",18,2,22.5564993348144,13.5987489024382,10.878505311882,2.72024359055615,0.120596886519427,0.200036312904376
"movement_g1_a0_m40","gapped_gaussian",1,1,0,40,40,199,TRUE,0.2,0,"movement_control","focal_movement","iid_units_nominal_contract",19,1,22.861170775363,11.1100500158649,0.0625000000000033,11.0475500158649,0.483245155045629,0.994374462769226
"movement_g1_a0_m40","gapped_gaussian",1,1,0,40,40,199,TRUE,0.2,0,"movement_control","focal_movement","iid_units_nominal_contract",19,2,22.781692632977,12.1052804212102,0.0625000000000039,12.0427804212102,0.528616578900641,0.994836963884745
"movement_g1_a0_m160","gapped_gaussian",1,1,0,160,40,199,TRUE,0.2,0,"movement_control","focal_movement","iid_units_nominal_contract",20,1,22.861170775363,11.1100500158649,0.0625000000000033,11.0475500158649,0.483245155045629,0.994374462769226
"movement_g1_a0_m160","gapped_gaussian",1,1,0,160,40,199,TRUE,0.2,0,"movement_control","focal_movement","iid_units_nominal_contract",20,2,22.781692632977,12.1052804212102,0.0625000000000039,12.0427804212102,0.528616578900641,0.994836963884745
"movement_g1_a0p5_m40","gapped_gaussian",1,1,0.5,40,40,199,TRUE,0.2,0,"movement_control","focal_movement","iid_units_nominal_contract",21,1,22.861170775363,11.1100500158649,0.0625000000000033,11.0475500158649,0.483245155045629,0.994374462769226
"movement_g1_a0p5_m40","gapped_gaussian",1,1,0.5,40,40,199,TRUE,0.2,0,"movement_control","focal_movement","iid_units_nominal_contract",21,2,22.7389484814134,14.3659348493597,0.0625000000000027,14.3034348493597,0.62902798082555,0.995649430360407
"movement_g1_a0p5_m160","gapped_gaussian",1,1,0.5,160,40,199,TRUE,0.2,0,"movement_control","focal_movement","iid_units_nominal_contract",22,1,22.861170775363,11.1100500158649,0.0625000000000033,11.0475500158649,0.483245155045629,0.994374462769226
"movement_g1_a0p5_m160","gapped_gaussian",1,1,0.5,160,40,199,TRUE,0.2,0,"movement_control","focal_movement","iid_units_nominal_contract",22,2,22.7389484814134,14.3659348493597,0.0625000000000027,14.3034348493597,0.62902798082555,0.995649430360407
"movement_g0p01_a0_m40","gapped_gaussian",0.01,0.01,0,40,40,199,TRUE,0.2,0,"movement_control","focal_movement","iid_units_nominal_contract",23,1,22.861170775363,11.1100500158649,10.9995745157062,0.110475500158651,0.00483245155045641,0.0099437446276925
"movement_g0p01_a0_m40","gapped_gaussian",0.01,0.01,0,40,40,199,TRUE,0.2,0,"movement_control","focal_movement","iid_units_nominal_contract",23,2,22.7818362299336,12.1057863254598,10.9989250145,1.10686131095975,0.0485852544890749,0.0914324176226292
"movement_g0p01_a0_m160","gapped_gaussian",0.01,0.01,0,160,40,199,TRUE,0.2,0,"movement_control","focal_movement","iid_units_nominal_contract",24,1,22.861170775363,11.1100500158649,10.9995745157062,0.110475500158651,0.00483245155045641,0.0099437446276925
"movement_g0p01_a0_m160","gapped_gaussian",0.01,0.01,0,160,40,199,TRUE,0.2,0,"movement_control","focal_movement","iid_units_nominal_contract",24,2,22.7818362299336,12.1057863254598,10.9989250145,1.10686131095975,0.0485852544890749,0.0914324176226292
"movement_g0p01_a0p5_m40","gapped_gaussian",0.01,0.01,0.5,40,40,199,TRUE,0.2,0,"movement_control","focal_movement","iid_units_nominal_contract",25,1,22.861170775363,11.1100500158649,10.9995745157062,0.110475500158651,0.00483245155045641,0.0099437446276925
"movement_g0p01_a0p5_m40","gapped_gaussian",0.01,0.01,0.5,40,40,199,TRUE,0.2,0,"movement_control","focal_movement","iid_units_nominal_contract",25,2,22.7689086036904,14.4301262339038,10.9054230088851,3.52470322501868,0.154803345490499,0.244260040964669
"movement_g0p01_a0p5_m160","gapped_gaussian",0.01,0.01,0.5,160,40,199,TRUE,0.2,0,"movement_control","focal_movement","iid_units_nominal_contract",26,1,22.861170775363,11.1100500158649,10.9995745157062,0.110475500158651,0.00483245155045641,0.0099437446276925
"movement_g0p01_a0p5_m160","gapped_gaussian",0.01,0.01,0.5,160,40,199,TRUE,0.2,0,"movement_control","focal_movement","iid_units_nominal_contract",26,2,22.7689086036904,14.4301262339038,10.9054230088851,3.52470322501868,0.154803345490499,0.244260040964669
"ar1_g1_a0_m40","gapped_gaussian",1,1,0,40,40,199,FALSE,0,0.5,"dependence_stress","null","dependence_stress_outside_iid_contract",27,1,22.861170775363,11.1100500158649,0.0625000000000033,11.0475500158649,0.483245155045629,0.994374462769226
"ar1_g1_a0_m40","gapped_gaussian",1,1,0,40,40,199,FALSE,0,0.5,"dependence_stress","null","dependence_stress_outside_iid_contract",27,2,22.861170775363,11.1100500158649,0.0625000000000033,11.0475500158649,0.483245155045629,0.994374462769226
"ar1_g1_a0_m160","gapped_gaussian",1,1,0,160,40,199,FALSE,0,0.5,"dependence_stress","null","dependence_stress_outside_iid_contract",28,1,22.861170775363,11.1100500158649,0.0625000000000033,11.0475500158649,0.483245155045629,0.994374462769226
"ar1_g1_a0_m160","gapped_gaussian",1,1,0,160,40,199,FALSE,0,0.5,"dependence_stress","null","dependence_stress_outside_iid_contract",28,2,22.861170775363,11.1100500158649,0.0625000000000033,11.0475500158649,0.483245155045629,0.994374462769226
"ar1_g0p01_a0_m40","gapped_gaussian",0.01,0.01,0,40,40,199,FALSE,0,0.5,"dependence_stress","null","dependence_stress_outside_iid_contract",29,1,22.861170775363,11.1100500158649,10.9995745157062,0.110475500158651,0.00483245155045641,0.0099437446276925
"ar1_g0p01_a0_m40","gapped_gaussian",0.01,0.01,0,40,40,199,FALSE,0,0.5,"dependence_stress","null","dependence_stress_outside_iid_contract",29,2,22.861170775363,11.1100500158649,10.9995745157062,0.110475500158651,0.00483245155045641,0.0099437446276925
"ar1_g0p01_a0_m160","gapped_gaussian",0.01,0.01,0,160,40,199,FALSE,0,0.5,"dependence_stress","null","dependence_stress_outside_iid_contract",30,1,22.861170775363,11.1100500158649,10.9995745157062,0.110475500158651,0.00483245155045641,0.0099437446276925
"ar1_g0p01_a0_m160","gapped_gaussian",0.01,0.01,0,160,40,199,FALSE,0,0.5,"dependence_stress","null","dependence_stress_outside_iid_contract",30,2,22.861170775363,11.1100500158649,10.9995745157062,0.110475500158651,0.00483245155045641,0.0099437446276925
"legacy_rare_axis_m12","rare_axis",NA,NA,0,12,80,199,TRUE,0.2,0,"sparse_unit_control","focal_movement","iid_units_nominal_contract",31,1,22.861170775363,11.1100500158649,0.0625000000000033,11.0475500158649,0.483245155045629,0.994374462769226
"legacy_rare_axis_m12","rare_axis",NA,NA,0,12,80,199,TRUE,0.2,0,"sparse_unit_control","focal_movement","iid_units_nominal_contract",31,2,22.781692632977,12.1052804212102,0.0625000000000101,12.0427804212102,0.528616578900641,0.994836963884744
