"case_id","scenario","g","signal_gap_fraction","a","m","M","B","focal_motion","movement_scale","rho_unit","role","target_regime","contract","case_index","anchor_set","n_anchors","cross_singular_1","cross_singular_2","cross_singular_ratio","cross_rank","cross_condition"
"main_g1_a0_m40","gapped_gaussian",1,1,0,40,60,199,FALSE,0,0,"null_reference","null","iid_units_nominal_contract",1,"declared",11,19.8694023888831,0.525301214747298,0.026437695732671,2,37.8247790621263
"main_g1_a0_m40","gapped_gaussian",1,1,0,40,60,199,FALSE,0,0,"null_reference","null","iid_units_nominal_contract",1,"clean",8,13.1305217703036,0.306121102741201,0.023313704367296,2,42.8932264150514
"main_g1_a0_m160","gapped_gaussian",1,1,0,160,60,199,FALSE,0,0,"null_reference","null","iid_units_nominal_contract",2,"declared",11,19.8694023888831,0.525301214747298,0.026437695732671,2,37.8247790621263
"main_g1_a0_m160","gapped_gaussian",1,1,0,160,60,199,FALSE,0,0,"null_reference","null","iid_units_nominal_contract",2,"clean",8,13.1305217703036,0.306121102741201,0.023313704367296,2,42.8932264150514
"main_g1_a0p25_m40","gapped_gaussian",1,1,0.25,40,60,199,FALSE,0,0,"anchor_change","anchor_change","iid_units_nominal_contract",3,"declared",11,19.5587197240847,0.517612902222916,0.0264645595174374,2,37.7863836857403
"main_g1_a0p25_m40","gapped_gaussian",1,1,0.25,40,60,199,FALSE,0,0,"anchor_change","anchor_change","iid_units_nominal_contract",3,"clean",8,13.1307535389283,0.306046993153106,0.0233076488905056,2,42.9043703505998
"main_g1_a0p25_m160","gapped_gaussian",1,1,0.25,160,60,199,FALSE,0,0,"anchor_change","anchor_change","iid_units_nominal_contract",4,"declared",11,19.5587197240847,0.517612902222916,0.0264645595174374,2,37.7863836857403
"main_g1_a0p25_m160","gapped_gaussian",1,1,0.25,160,60,199,FALSE,0,0,"anchor_change","anchor_change","iid_units_nominal_contract",4,"clean",8,13.1307535389283,0.306046993153106,0.0233076488905056,2,42.9043703505998
"main_g1_a0p5_m40","gapped_gaussian",1,1,0.5,40,60,199,FALSE,0,0,"anchor_change","anchor_change","iid_units_nominal_contract",5,"declared",11,19.2571166807443,0.50942728156005,0.0264539749125288,2,37.801502545706
"main_g1_a0p5_m40","gapped_gaussian",1,1,0.5,40,60,199,FALSE,0,0,"anchor_change","anchor_change","iid_units_nominal_contract",5,"clean",8,13.1308091689199,0.305967344135594,0.023301484333487,2,42.9157209767483
"main_g1_a0p5_m160","gapped_gaussian",1,1,0.5,160,60,199,FALSE,0,0,"anchor_change","anchor_change","iid_units_nominal_contract",6,"declared",11,19.2571166807443,0.50942728156005,0.0264539749125288,2,37.801502545706
"main_g1_a0p5_m160","gapped_gaussian",1,1,0.5,160,60,199,FALSE,0,0,"anchor_change","anchor_change","iid_units_nominal_contract",6,"clean",8,13.1308091689199,0.305967344135594,0.023301484333487,2,42.9157209767483
"main_g0p1_a0_m40","gapped_gaussian",0.1,0.1,0,40,60,199,FALSE,0,0,"null_reference","null","iid_units_nominal_contract",7,"declared",11,19.869402388883,0.525301214747298,0.0264376957326711,2,37.8247790621262
"main_g0p1_a0_m40","gapped_gaussian",0.1,0.1,0,40,60,199,FALSE,0,0,"null_reference","null","iid_units_nominal_contract",7,"clean",8,13.1305217703035,0.306121102741203,0.0233137043672961,2,42.8932264150511
"main_g0p1_a0_m160","gapped_gaussian",0.1,0.1,0,160,60,199,FALSE,0,0,"null_reference","null","iid_units_nominal_contract",8,"declared",11,19.869402388883,0.525301214747298,0.0264376957326711,2,37.8247790621262
"main_g0p1_a0_m160","gapped_gaussian",0.1,0.1,0,160,60,199,FALSE,0,0,"null_reference","null","iid_units_nominal_contract",8,"clean",8,13.1305217703035,0.306121102741203,0.0233137043672961,2,42.8932264150511
"main_g0p1_a0p25_m40","gapped_gaussian",0.1,0.1,0.25,40,60,199,FALSE,0,0,"anchor_change","anchor_change","iid_units_nominal_contract",9,"declared",11,19.5532718255474,0.509746273923292,0.0260696152782616,2,38.3588322775849
"main_g0p1_a0p25_m40","gapped_gaussian",0.1,0.1,0.25,40,60,199,FALSE,0,0,"anchor_change","anchor_change","iid_units_nominal_contract",9,"clean",8,13.1248218116913,0.317173549725629,0.0241659318714025,2,41.3805685343085
"main_g0p1_a0p25_m160","gapped_gaussian",0.1,0.1,0.25,160,60,199,FALSE,0,0,"anchor_change","anchor_change","iid_units_nominal_contract",10,"declared",11,19.5532718255474,0.509746273923292,0.0260696152782616,2,38.3588322775849
"main_g0p1_a0p25_m160","gapped_gaussian",0.1,0.1,0.25,160,60,199,FALSE,0,0,"anchor_change","anchor_change","iid_units_nominal_contract",10,"clean",8,13.1248218116913,0.317173549725629,0.0241659318714025,2,41.3805685343085
"main_g0p1_a0p5_m40","gapped_gaussian",0.1,0.1,0.5,40,60,199,FALSE,0,0,"anchor_change","anchor_change","iid_units_nominal_contract",11,"declared",11,19.2461914586037,0.499399894913429,0.0259479853968812,2,38.5386373818522
"main_g0p1_a0p5_m40","gapped_gaussian",0.1,0.1,0.5,40,60,199,FALSE,0,0,"anchor_change","anchor_change","iid_units_nominal_contract",11,"clean",8,13.1189620519259,0.318542416732516,0.024281068538174,2,41.1843489683261
"main_g0p1_a0p5_m160","gapped_gaussian",0.1,0.1,0.5,160,60,199,FALSE,0,0,"anchor_change","anchor_change","iid_units_nominal_contract",12,"declared",11,19.2461914586037,0.499399894913429,0.0259479853968812,2,38.5386373818522
"main_g0p1_a0p5_m160","gapped_gaussian",0.1,0.1,0.5,160,60,199,FALSE,0,0,"anchor_change","anchor_change","iid_units_nominal_contract",12,"clean",8,13.1189620519259,0.318542416732516,0.024281068538174,2,41.1843489683261
"main_g0p01_a0_m40","gapped_gaussian",0.01,0.01,0,40,60,199,FALSE,0,0,"null_reference","null","iid_units_nominal_contract",13,"declared",11,19.869402388883,0.525301214747293,0.0264376957326708,2,37.8247790621265
"main_g0p01_a0_m40","gapped_gaussian",0.01,0.01,0,40,60,199,FALSE,0,0,"null_reference","null","iid_units_nominal_contract",13,"clean",8,13.1305217703035,0.30612110274122,0.0233137043672975,2,42.8932264150487
"main_g0p01_a0_m160","gapped_gaussian",0.01,0.01,0,160,60,199,FALSE,0,0,"null_reference","null","iid_units_nominal_contract",14,"declared",11,19.869402388883,0.525301214747293,0.0264376957326708,2,37.8247790621265
"main_g0p01_a0_m160","gapped_gaussian",0.01,0.01,0,160,60,199,FALSE,0,0,"null_reference","null","iid_units_nominal_contract",14,"clean",8,13.1305217703035,0.30612110274122,0.0233137043672975,2,42.8932264150487
"main_g0p01_a0p25_m40","gapped_gaussian",0.01,0.01,0.25,40,60,199,FALSE,0,0,"anchor_change","anchor_change","iid_units_nominal_contract",15,"declared",11,19.5581013680373,0.497083506818087,0.0254157342506897,2,39.3457057009032
"main_g0p01_a0p25_m40","gapped_gaussian",0.01,0.01,0.25,40,60,199,FALSE,0,0,"anchor_change","anchor_change","iid_units_nominal_contract",15,"clean",8,13.1236164984622,0.324414918012554,0.0247199328059128,2,40.4531843938025
"main_g0p01_a0p25_m160","gapped_gaussian",0.01,0.01,0.25,160,60,199,FALSE,0,0,"anchor_change","anchor_change","iid_units_nominal_contract",16,"declared",11,19.5581013680373,0.497083506818087,0.0254157342506897,2,39.3457057009032
"main_g0p01_a0p25_m160","gapped_gaussian",0.01,0.01,0.25,160,60,199,FALSE,0,0,"anchor_change","anchor_change","iid_units_nominal_contract",16,"clean",8,13.1236164984622,0.324414918012554,0.0247199328059128,2,40.4531843938025
"main_g0p01_a0p5_m40","gapped_gaussian",0.01,0.01,0.5,40,60,199,FALSE,0,0,"anchor_change","anchor_change","iid_units_nominal_contract",17,"declared",11,19.2503612884141,0.49210975632721,0.0255636634011325,2,39.118024060499
"main_g0p01_a0p5_m40","gapped_gaussian",0.01,0.01,0.5,40,60,199,FALSE,0,0,"anchor_change","anchor_change","iid_units_nominal_contract",17,"clean",8,13.1179447150129,0.323093766466679,0.0246299076178384,2,40.6010455059825
"main_g0p01_a0p5_m160","gapped_gaussian",0.01,0.01,0.5,160,60,199,FALSE,0,0,"anchor_change","anchor_change","iid_units_nominal_contract",18,"declared",11,19.2503612884141,0.49210975632721,0.0255636634011325,2,39.118024060499
"main_g0p01_a0p5_m160","gapped_gaussian",0.01,0.01,0.5,160,60,199,FALSE,0,0,"anchor_change","anchor_change","iid_units_nominal_contract",18,"clean",8,13.1179447150129,0.323093766466679,0.0246299076178384,2,40.6010455059825
"movement_g1_a0_m40","gapped_gaussian",1,1,0,40,40,199,TRUE,0.2,0,"movement_control","focal_movement","iid_units_nominal_contract",19,"declared",11,19.8697389362056,0.525172709935009,0.0264307805764909,2,37.8346752607624
"movement_g1_a0_m40","gapped_gaussian",1,1,0,40,40,199,TRUE,0.2,0,"movement_control","focal_movement","iid_units_nominal_contract",19,"clean",8,13.130601616979,0.306049538831379,0.0233081124352772,2,42.9035170813095
"movement_g1_a0_m160","gapped_gaussian",1,1,0,160,40,199,TRUE,0.2,0,"movement_control","focal_movement","iid_units_nominal_contract",20,"declared",11,19.8697389362056,0.525172709935009,0.0264307805764909,2,37.8346752607624
"movement_g1_a0_m160","gapped_gaussian",1,1,0,160,40,199,TRUE,0.2,0,"movement_control","focal_movement","iid_units_nominal_contract",20,"clean",8,13.130601616979,0.306049538831379,0.0233081124352772,2,42.9035170813095
"movement_g1_a0p5_m40","gapped_gaussian",1,1,0.5,40,40,199,TRUE,0.2,0,"movement_control","focal_movement","iid_units_nominal_contract",21,"declared",11,19.2575436465615,0.509338157540253,0.0264487603864887,2,37.8089553305057
"movement_g1_a0p5_m40","gapped_gaussian",1,1,0.5,40,40,199,TRUE,0.2,0,"movement_control","focal_movement","iid_units_nominal_contract",21,"clean",8,13.1309029311466,0.305918413542985,0.0232975915782108,2,42.922891692172
"movement_g1_a0p5_m160","gapped_gaussian",1,1,0.5,160,40,199,TRUE,0.2,0,"movement_control","focal_movement","iid_units_nominal_contract",22,"declared",11,19.2575436465615,0.509338157540253,0.0264487603864887,2,37.8089553305057
"movement_g1_a0p5_m160","gapped_gaussian",1,1,0.5,160,40,199,TRUE,0.2,0,"movement_control","focal_movement","iid_units_nominal_contract",22,"clean",8,13.1309029311466,0.305918413542985,0.0232975915782108,2,42.922891692172
"movement_g0p01_a0_m40","gapped_gaussian",0.01,0.01,0,40,40,199,TRUE,0.2,0,"movement_control","focal_movement","iid_units_nominal_contract",23,"declared",11,19.8689478475176,0.524254265637103,0.0263856078168026,2,37.8994490838748
"movement_g0p01_a0_m40","gapped_gaussian",0.01,0.01,0,40,40,199,TRUE,0.2,0,"movement_control","focal_movement","iid_units_nominal_contract",23,"clean",8,13.1299827182248,0.308525072078573,0.0234977515736051,2,42.5572632712355
"movement_g0p01_a0_m160","gapped_gaussian",0.01,0.01,0,160,40,199,TRUE,0.2,0,"movement_control","focal_movement","iid_units_nominal_contract",24,"declared",11,19.8689478475176,0.524254265637103,0.0263856078168026,2,37.8994490838748
"movement_g0p01_a0_m160","gapped_gaussian",0.01,0.01,0,160,40,199,TRUE,0.2,0,"movement_control","focal_movement","iid_units_nominal_contract",24,"clean",8,13.1299827182248,0.308525072078573,0.0234977515736051,2,42.5572632712355
"movement_g0p01_a0p5_m40","gapped_gaussian",0.01,0.01,0.5,40,40,199,TRUE,0.2,0,"movement_control","focal_movement","iid_units_nominal_contract",25,"declared",11,19.2494136362901,0.498612953219088,0.0259027606056049,2,38.6059237170117
"movement_g0p01_a0p5_m40","gapped_gaussian",0.01,0.01,0.5,40,40,199,TRUE,0.2,0,"movement_control","focal_movement","iid_units_nominal_contract",25,"clean",8,13.1205539736263,0.319580939479127,0.0243572748621375,2,41.0554959723538
"movement_g0p01_a0p5_m160","gapped_gaussian",0.01,0.01,0.5,160,40,199,TRUE,0.2,0,"movement_control","focal_movement","iid_units_nominal_contract",26,"declared",11,19.2494136362901,0.498612953219088,0.0259027606056049,2,38.6059237170117
"movement_g0p01_a0p5_m160","gapped_gaussian",0.01,0.01,0.5,160,40,199,TRUE,0.2,0,"movement_control","focal_movement","iid_units_nominal_contract",26,"clean",8,13.1205539736263,0.319580939479127,0.0243572748621375,2,41.0554959723538
"ar1_g1_a0_m40","gapped_gaussian",1,1,0,40,40,199,FALSE,0,0.5,"dependence_stress","null","dependence_stress_outside_iid_contract",27,"declared",11,19.8694023888831,0.525301214747298,0.026437695732671,2,37.8247790621263
"ar1_g1_a0_m40","gapped_gaussian",1,1,0,40,40,199,FALSE,0,0.5,"dependence_stress","null","dependence_stress_outside_iid_contract",27,"clean",8,13.1305217703036,0.306121102741201,0.023313704367296,2,42.8932264150514
"ar1_g1_a0_m160","gapped_gaussian",1,1,0,160,40,199,FALSE,0,0.5,"dependence_stress","null","dependence_stress_outside_iid_contract",28,"declared",11,19.8694023888831,0.525301214747298,0.026437695732671,2,37.8247790621263
"ar1_g1_a0_m160","gapped_gaussian",1,1,0,160,40,199,FALSE,0,0.5,"dependence_stress","null","dependence_stress_outside_iid_contract",28,"clean",8,13.1305217703036,0.306121102741201,0.023313704367296,2,42.8932264150514
"ar1_g0p01_a0_m40","gapped_gaussian",0.01,0.01,0,40,40,199,FALSE,0,0.5,"dependence_stress","null","dependence_stress_outside_iid_contract",29,"declared",11,19.869402388883,0.525301214747293,0.0264376957326708,2,37.8247790621265
"ar1_g0p01_a0_m40","gapped_gaussian",0.01,0.01,0,40,40,199,FALSE,0,0.5,"dependence_stress","null","dependence_stress_outside_iid_contract",29,"clean",8,13.1305217703035,0.30612110274122,0.0233137043672975,2,42.8932264150487
"ar1_g0p01_a0_m160","gapped_gaussian",0.01,0.01,0,160,40,199,FALSE,0,0.5,"dependence_stress","null","dependence_stress_outside_iid_contract",30,"declared",11,19.869402388883,0.525301214747293,0.0264376957326708,2,37.8247790621265
"ar1_g0p01_a0_m160","gapped_gaussian",0.01,0.01,0,160,40,199,FALSE,0,0.5,"dependence_stress","null","dependence_stress_outside_iid_contract",30,"clean",8,13.1305217703035,0.30612110274122,0.0233137043672975,2,42.8932264150487
"legacy_rare_axis_m12","rare_axis",NA,NA,0,12,80,199,TRUE,0.2,0,"sparse_unit_control","focal_movement","iid_units_nominal_contract",31,"declared",11,19.8697389362056,0.525172709935009,0.0264307805764909,2,37.8346752607624
"legacy_rare_axis_m12","rare_axis",NA,NA,0,12,80,199,TRUE,0.2,0,"sparse_unit_control","focal_movement","iid_units_nominal_contract",31,"clean",8,13.130601616979,0.306049538831379,0.0233081124352772,2,42.9035170813095
