"case_id","scenario","g","signal_gap_fraction","a","m","M","B","focal_motion","movement_scale","rho_unit","role","target_regime","contract","case_index","entity","theta_D_dx","theta_D_dy","theta_C_dx","theta_C_dy","sensitivity_dx","sensitivity_dy","target_identified"
"main_g1_a0_m40","gapped_gaussian",1,1,0,40,60,199,FALSE,0,0,"null_reference","null","iid_units_nominal_contract",1,"E015",0,0,0,0,0,0,TRUE
"main_g1_a0_m40","gapped_gaussian",1,1,0,40,60,199,FALSE,0,0,"null_reference","null","iid_units_nominal_contract",1,"E003",0,0,0,0,0,0,TRUE
"main_g1_a0_m40","gapped_gaussian",1,1,0,40,60,199,FALSE,0,0,"null_reference","null","iid_units_nominal_contract",1,"E006",0,0,0,-5.55111512312578e-17,0,5.55111512312578e-17,TRUE
"main_g1_a0_m160","gapped_gaussian",1,1,0,160,60,199,FALSE,0,0,"null_reference","null","iid_units_nominal_contract",2,"E015",0,0,0,0,0,0,TRUE
"main_g1_a0_m160","gapped_gaussian",1,1,0,160,60,199,FALSE,0,0,"null_reference","null","iid_units_nominal_contract",2,"E003",0,0,0,0,0,0,TRUE
"main_g1_a0_m160","gapped_gaussian",1,1,0,160,60,199,FALSE,0,0,"null_reference","null","iid_units_nominal_contract",2,"E006",0,0,0,-5.55111512312578e-17,0,5.55111512312578e-17,TRUE
"main_g1_a0p25_m40","gapped_gaussian",1,1,0.25,40,60,199,FALSE,0,0,"anchor_change","anchor_change","iid_units_nominal_contract",3,"E015",-0.0302693606088309,-0.0745253217715289,7.44762820441558e-05,0.000322411590557792,-0.030343836890875,-0.0748477333620867,TRUE
"main_g1_a0p25_m40","gapped_gaussian",1,1,0.25,40,60,199,FALSE,0,0,"anchor_change","anchor_change","iid_units_nominal_contract",3,"E003",-0.0532207336002106,-0.110824857869015,-2.67927140493729e-05,3.70436845048006e-05,-0.0531939408861613,-0.110861901553519,TRUE
"main_g1_a0p25_m40","gapped_gaussian",1,1,0.25,40,60,199,FALSE,0,0,"anchor_change","anchor_change","iid_units_nominal_contract",3,"E006",-0.056177078854629,-0.109374713991143,-3.3912083985399e-05,2.60154795606038e-06,-0.0561431667706436,-0.109377315539099,TRUE
"main_g1_a0p25_m160","gapped_gaussian",1,1,0.25,160,60,199,FALSE,0,0,"anchor_change","anchor_change","iid_units_nominal_contract",4,"E015",-0.0302693606088309,-0.0745253217715289,7.44762820441558e-05,0.000322411590557792,-0.030343836890875,-0.0748477333620867,TRUE
"main_g1_a0p25_m160","gapped_gaussian",1,1,0.25,160,60,199,FALSE,0,0,"anchor_change","anchor_change","iid_units_nominal_contract",4,"E003",-0.0532207336002106,-0.110824857869015,-2.67927140493729e-05,3.70436845048006e-05,-0.0531939408861613,-0.110861901553519,TRUE
"main_g1_a0p25_m160","gapped_gaussian",1,1,0.25,160,60,199,FALSE,0,0,"anchor_change","anchor_change","iid_units_nominal_contract",4,"E006",-0.056177078854629,-0.109374713991143,-3.3912083985399e-05,2.60154795606038e-06,-0.0561431667706436,-0.109377315539099,TRUE
"main_g1_a0p5_m40","gapped_gaussian",1,1,0.5,40,60,199,FALSE,0,0,"anchor_change","anchor_change","iid_units_nominal_contract",5,"E015",-0.0564551116884569,-0.150834408425043,0.000215272472520733,0.000670850580456461,-0.0566703841609776,-0.151505259005499,TRUE
"main_g1_a0p5_m40","gapped_gaussian",1,1,0.5,40,60,199,FALSE,0,0,"anchor_change","anchor_change","iid_units_nominal_contract",5,"E003",-0.10231219188986,-0.225067135811479,-2.00350246486458e-05,7.98126870188987e-05,-0.102292156865212,-0.225146948498498,TRUE
"main_g1_a0p5_m40","gapped_gaussian",1,1,0.5,40,60,199,FALSE,0,0,"anchor_change","anchor_change","iid_units_nominal_contract",5,"E006",-0.10835438554024,-0.222187638267729,-4.19722351352458e-05,8.0832642518347e-06,-0.108312413305105,-0.222195721531981,TRUE
"main_g1_a0p5_m160","gapped_gaussian",1,1,0.5,160,60,199,FALSE,0,0,"anchor_change","anchor_change","iid_units_nominal_contract",6,"E015",-0.0564551116884569,-0.150834408425043,0.000215272472520733,0.000670850580456461,-0.0566703841609776,-0.151505259005499,TRUE
"main_g1_a0p5_m160","gapped_gaussian",1,1,0.5,160,60,199,FALSE,0,0,"anchor_change","anchor_change","iid_units_nominal_contract",6,"E003",-0.10231219188986,-0.225067135811479,-2.00350246486458e-05,7.98126870188987e-05,-0.102292156865212,-0.225146948498498,TRUE
"main_g1_a0p5_m160","gapped_gaussian",1,1,0.5,160,60,199,FALSE,0,0,"anchor_change","anchor_change","iid_units_nominal_contract",6,"E006",-0.10835438554024,-0.222187638267729,-4.19722351352458e-05,8.0832642518347e-06,-0.108312413305105,-0.222195721531981,TRUE
"main_g0p1_a0_m40","gapped_gaussian",0.1,0.1,0,40,60,199,FALSE,0,0,"null_reference","null","iid_units_nominal_contract",7,"E015",1.2490009027033e-16,-1.11022302462516e-16,0,0,1.2490009027033e-16,-1.11022302462516e-16,TRUE
"main_g0p1_a0_m40","gapped_gaussian",0.1,0.1,0,40,60,199,FALSE,0,0,"null_reference","null","iid_units_nominal_contract",7,"E003",6.66133814775094e-16,-1.66533453693773e-16,0,0,6.66133814775094e-16,-1.66533453693773e-16,TRUE
"main_g0p1_a0_m40","gapped_gaussian",0.1,0.1,0,40,60,199,FALSE,0,0,"null_reference","null","iid_units_nominal_contract",7,"E006",8.88178419700125e-16,-1.66533453693773e-16,0,5.55111512312578e-17,8.88178419700125e-16,-2.22044604925031e-16,TRUE
"main_g0p1_a0_m160","gapped_gaussian",0.1,0.1,0,160,60,199,FALSE,0,0,"null_reference","null","iid_units_nominal_contract",8,"E015",1.2490009027033e-16,-1.11022302462516e-16,0,0,1.2490009027033e-16,-1.11022302462516e-16,TRUE
"main_g0p1_a0_m160","gapped_gaussian",0.1,0.1,0,160,60,199,FALSE,0,0,"null_reference","null","iid_units_nominal_contract",8,"E003",6.66133814775094e-16,-1.66533453693773e-16,0,0,6.66133814775094e-16,-1.66533453693773e-16,TRUE
"main_g0p1_a0_m160","gapped_gaussian",0.1,0.1,0,160,60,199,FALSE,0,0,"null_reference","null","iid_units_nominal_contract",8,"E006",8.88178419700125e-16,-1.66533453693773e-16,0,5.55111512312578e-17,8.88178419700125e-16,-2.22044604925031e-16,TRUE
"main_g0p1_a0p25_m40","gapped_gaussian",0.1,0.1,0.25,40,60,199,FALSE,0,0,"anchor_change","anchor_change","iid_units_nominal_contract",9,"E015",-0.0364530192091918,-0.196606783274307,-0.00914904445054887,-0.109365398507388,-0.027303974758643,-0.0872413847669194,TRUE
"main_g0p1_a0p25_m40","gapped_gaussian",0.1,0.1,0.25,40,60,199,FALSE,0,0,"anchor_change","anchor_change","iid_units_nominal_contract",9,"E003",-0.0467459868503601,-0.0673118933355938,0.008355265978222,0.0577124595019187,-0.0551012528285821,-0.125024352837513,TRUE
"main_g0p1_a0p25_m40","gapped_gaussian",0.1,0.1,0.25,40,60,199,FALSE,0,0,"anchor_change","anchor_change","iid_units_nominal_contract",9,"E006",-0.0562984452410453,-0.125448950685951,0.000630158609458809,-0.00184017790428431,-0.0569286038505041,-0.123608772781667,TRUE
"main_g0p1_a0p25_m160","gapped_gaussian",0.1,0.1,0.25,160,60,199,FALSE,0,0,"anchor_change","anchor_change","iid_units_nominal_contract",10,"E015",-0.0364530192091918,-0.196606783274307,-0.00914904445054887,-0.109365398507388,-0.027303974758643,-0.0872413847669194,TRUE
"main_g0p1_a0p25_m160","gapped_gaussian",0.1,0.1,0.25,160,60,199,FALSE,0,0,"anchor_change","anchor_change","iid_units_nominal_contract",10,"E003",-0.0467459868503601,-0.0673118933355938,0.008355265978222,0.0577124595019187,-0.0551012528285821,-0.125024352837513,TRUE
"main_g0p1_a0p25_m160","gapped_gaussian",0.1,0.1,0.25,160,60,199,FALSE,0,0,"anchor_change","anchor_change","iid_units_nominal_contract",10,"E006",-0.0562984452410453,-0.125448950685951,0.000630158609458809,-0.00184017790428431,-0.0569286038505041,-0.123608772781667,TRUE
"main_g0p1_a0p5_m40","gapped_gaussian",0.1,0.1,0.5,40,60,199,FALSE,0,0,"anchor_change","anchor_change","iid_units_nominal_contract",11,"E015",-0.0674546792420553,-0.291592224078244,-0.016602599698973,-0.125803399546769,-0.0508520795430822,-0.165788824531475,TRUE
"main_g0p1_a0p5_m40","gapped_gaussian",0.1,0.1,0.5,40,60,199,FALSE,0,0,"anchor_change","anchor_change","iid_units_nominal_contract",11,"E003",-0.091334369926616,-0.172543570619085,0.0146509209672949,0.0677095880314736,-0.105985290893911,-0.240253158650559,TRUE
"main_g0p1_a0p5_m40","gapped_gaussian",0.1,0.1,0.5,40,60,199,FALSE,0,0,"anchor_change","anchor_change","iid_units_nominal_contract",11,"E006",-0.107830416176223,-0.239919887463066,0.0013372182603264,-0.00218847063247352,-0.109167634436549,-0.237731416830593,TRUE
"main_g0p1_a0p5_m160","gapped_gaussian",0.1,0.1,0.5,160,60,199,FALSE,0,0,"anchor_change","anchor_change","iid_units_nominal_contract",12,"E015",-0.0674546792420553,-0.291592224078244,-0.016602599698973,-0.125803399546769,-0.0508520795430822,-0.165788824531475,TRUE
"main_g0p1_a0p5_m160","gapped_gaussian",0.1,0.1,0.5,160,60,199,FALSE,0,0,"anchor_change","anchor_change","iid_units_nominal_contract",12,"E003",-0.091334369926616,-0.172543570619085,0.0146509209672949,0.0677095880314736,-0.105985290893911,-0.240253158650559,TRUE
"main_g0p1_a0p5_m160","gapped_gaussian",0.1,0.1,0.5,160,60,199,FALSE,0,0,"anchor_change","anchor_change","iid_units_nominal_contract",12,"E006",-0.107830416176223,-0.239919887463066,0.0013372182603264,-0.00218847063247352,-0.109167634436549,-0.237731416830593,TRUE
"main_g0p01_a0_m40","gapped_gaussian",0.01,0.01,0,40,60,199,FALSE,0,0,"null_reference","null","iid_units_nominal_contract",13,"E015",2.77555756156289e-17,0,-1.11022302462516e-16,0,1.38777878078145e-16,0,TRUE
"main_g0p01_a0_m40","gapped_gaussian",0.01,0.01,0,40,60,199,FALSE,0,0,"null_reference","null","iid_units_nominal_contract",13,"E003",0,-5.55111512312578e-17,0,0,0,-5.55111512312578e-17,TRUE
"main_g0p01_a0_m40","gapped_gaussian",0.01,0.01,0,40,60,199,FALSE,0,0,"null_reference","null","iid_units_nominal_contract",13,"E006",0,-5.55111512312578e-17,0,0,0,-5.55111512312578e-17,TRUE
"main_g0p01_a0_m160","gapped_gaussian",0.01,0.01,0,160,60,199,FALSE,0,0,"null_reference","null","iid_units_nominal_contract",14,"E015",2.77555756156289e-17,0,-1.11022302462516e-16,0,1.38777878078145e-16,0,TRUE
"main_g0p01_a0_m160","gapped_gaussian",0.01,0.01,0,160,60,199,FALSE,0,0,"null_reference","null","iid_units_nominal_contract",14,"E003",0,-5.55111512312578e-17,0,0,0,-5.55111512312578e-17,TRUE
"main_g0p01_a0_m160","gapped_gaussian",0.01,0.01,0,160,60,199,FALSE,0,0,"null_reference","null","iid_units_nominal_contract",14,"E006",0,-5.55111512312578e-17,0,0,0,-5.55111512312578e-17,TRUE
"main_g0p01_a0p25_m40","gapped_gaussian",0.01,0.01,0.25,40,60,199,FALSE,0,0,"anchor_change","anchor_change","iid_units_nominal_contract",15,"E015",-0.0281563850654618,-0.295518886345649,-0.00393714809891582,-0.197930696863363,-0.0242192369665459,-0.0975881894822859,TRUE
"main_g0p01_a0p25_m40","gapped_gaussian",0.01,0.01,0.25,40,60,199,FALSE,0,0,"anchor_change","anchor_change","iid_units_nominal_contract",15,"E003",-0.0468885911653281,-0.0229334785001046,0.00878142291360495,0.113234150562195,-0.055670014078933,-0.1361676290623,TRUE
"main_g0p01_a0p25_m40","gapped_gaussian",0.01,0.01,0.25,40,60,199,FALSE,0,0,"anchor_change","anchor_change","iid_units_nominal_contract",15,"E006",-0.0554511339237431,-0.138035959546427,0.000818585556196183,-0.00331658727539641,-0.0562697194799393,-0.13471937227103,TRUE
"main_g0p01_a0p25_m160","gapped_gaussian",0.01,0.01,0.25,160,60,199,FALSE,0,0,"anchor_change","anchor_change","iid_units_nominal_contract",16,"E015",-0.0281563850654618,-0.295518886345649,-0.00393714809891582,-0.197930696863363,-0.0242192369665459,-0.0975881894822859,TRUE
"main_g0p01_a0p25_m160","gapped_gaussian",0.01,0.01,0.25,160,60,199,FALSE,0,0,"anchor_change","anchor_change","iid_units_nominal_contract",16,"E003",-0.0468885911653281,-0.0229334785001046,0.00878142291360495,0.113234150562195,-0.055670014078933,-0.1361676290623,TRUE
"main_g0p01_a0p25_m160","gapped_gaussian",0.01,0.01,0.25,160,60,199,FALSE,0,0,"anchor_change","anchor_change","iid_units_nominal_contract",16,"E006",-0.0554511339237431,-0.138035959546427,0.000818585556196183,-0.00331658727539641,-0.0562697194799393,-0.13471937227103,TRUE
"main_g0p01_a0p5_m40","gapped_gaussian",0.01,0.01,0.5,40,60,199,FALSE,0,0,"anchor_change","anchor_change","iid_units_nominal_contract",17,"E015",-0.0611673399094445,-0.351286388117575,-0.0133981672559726,-0.179962184735568,-0.0477691726534719,-0.171324203382007,TRUE
"main_g0p01_a0p5_m40","gapped_gaussian",0.01,0.01,0.5,40,60,199,FALSE,0,0,"anchor_change","anchor_change","iid_units_nominal_contract",17,"E003",-0.0914352301397257,-0.145060999366618,0.0153401199102181,0.101086660519234,-0.106775350049944,-0.246147659885853,TRUE
"main_g0p01_a0p5_m40","gapped_gaussian",0.01,0.01,0.5,40,60,199,FALSE,0,0,"anchor_change","anchor_change","iid_units_nominal_contract",17,"E006",-0.107010853250687,-0.246677498598585,0.0014844624347623,-0.00306539328965305,-0.108495315685449,-0.243612105308932,TRUE
"main_g0p01_a0p5_m160","gapped_gaussian",0.01,0.01,0.5,160,60,199,FALSE,0,0,"anchor_change","anchor_change","iid_units_nominal_contract",18,"E015",-0.0611673399094445,-0.351286388117575,-0.0133981672559726,-0.179962184735568,-0.0477691726534719,-0.171324203382007,TRUE
"main_g0p01_a0p5_m160","gapped_gaussian",0.01,0.01,0.5,160,60,199,FALSE,0,0,"anchor_change","anchor_change","iid_units_nominal_contract",18,"E003",-0.0914352301397257,-0.145060999366618,0.0153401199102181,0.101086660519234,-0.106775350049944,-0.246147659885853,TRUE
"main_g0p01_a0p5_m160","gapped_gaussian",0.01,0.01,0.5,160,60,199,FALSE,0,0,"anchor_change","anchor_change","iid_units_nominal_contract",18,"E006",-0.107010853250687,-0.246677498598585,0.0014844624347623,-0.00306539328965305,-0.108495315685449,-0.243612105308932,TRUE
"movement_g1_a0_m40","gapped_gaussian",1,1,0,40,40,199,TRUE,0.2,0,"movement_control","focal_movement","iid_units_nominal_contract",19,"E015",-0.113129377437189,-0.0752858900867659,-0.113109806214451,-0.0752900522209219,-1.95712227372274e-05,4.16213415599387e-06,TRUE
"movement_g1_a0_m40","gapped_gaussian",1,1,0,40,40,199,TRUE,0.2,0,"movement_control","focal_movement","iid_units_nominal_contract",19,"E003",1.20924713225001e-05,7.22192629450946e-05,1.25424190795531e-05,4.22335224496417e-05,-4.49947757052982e-07,2.99857404954529e-05,TRUE
"movement_g1_a0_m40","gapped_gaussian",1,1,0,40,40,199,TRUE,0.2,0,"movement_control","focal_movement","iid_units_nominal_contract",19,"E006",0.0924989749418001,0.0564314061907004,0.0924962666384104,0.0564040552432488,2.70830338977568e-06,2.73509474515987e-05,TRUE
"movement_g1_a0_m160","gapped_gaussian",1,1,0,160,40,199,TRUE,0.2,0,"movement_control","focal_movement","iid_units_nominal_contract",20,"E015",-0.113129377437189,-0.0752858900867659,-0.113109806214451,-0.0752900522209219,-1.95712227372274e-05,4.16213415599387e-06,TRUE
"movement_g1_a0_m160","gapped_gaussian",1,1,0,160,40,199,TRUE,0.2,0,"movement_control","focal_movement","iid_units_nominal_contract",20,"E003",1.20924713225001e-05,7.22192629450946e-05,1.25424190795531e-05,4.22335224496417e-05,-4.49947757052982e-07,2.99857404954529e-05,TRUE
"movement_g1_a0_m160","gapped_gaussian",1,1,0,160,40,199,TRUE,0.2,0,"movement_control","focal_movement","iid_units_nominal_contract",20,"E006",0.0924989749418001,0.0564314061907004,0.0924962666384104,0.0564040552432488,2.70830338977568e-06,2.73509474515987e-05,TRUE
"movement_g1_a0p5_m40","gapped_gaussian",1,1,0.5,40,40,199,TRUE,0.2,0,"movement_control","focal_movement","iid_units_nominal_contract",21,"E015",-0.166357016246031,-0.230811741253468,-0.112918254992221,-0.0746862284976217,-0.0534387612538098,-0.156125512755846,TRUE
"movement_g1_a0p5_m40","gapped_gaussian",1,1,0.5,40,40,199,TRUE,0.2,0,"movement_control","focal_movement","iid_units_nominal_contract",21,"E003",-0.102292341796693,-0.224974554682479,-1.2961977204462e-05,0.000110120316089812,-0.102279379819489,-0.225084674998569,TRUE
"movement_g1_a0p5_m40","gapped_gaussian",1,1,0.5,40,40,199,TRUE,0.2,0,"movement_control","focal_movement","iid_units_nominal_contract",21,"E006",-0.0182781559364393,-0.161943448749502,0.092446632745383,0.0563871885774264,-0.110724788681822,-0.218330637326929,TRUE
"movement_g1_a0p5_m160","gapped_gaussian",1,1,0.5,160,40,199,TRUE,0.2,0,"movement_control","focal_movement","iid_units_nominal_contract",22,"E015",-0.166357016246031,-0.230811741253468,-0.112918254992221,-0.0746862284976217,-0.0534387612538098,-0.156125512755846,TRUE
"movement_g1_a0p5_m160","gapped_gaussian",1,1,0.5,160,40,199,TRUE,0.2,0,"movement_control","focal_movement","iid_units_nominal_contract",22,"E003",-0.102292341796693,-0.224974554682479,-1.2961977204462e-05,0.000110120316089812,-0.102279379819489,-0.225084674998569,TRUE
"movement_g1_a0p5_m160","gapped_gaussian",1,1,0.5,160,40,199,TRUE,0.2,0,"movement_control","focal_movement","iid_units_nominal_contract",22,"E006",-0.0182781559364393,-0.161943448749502,0.092446632745383,0.0563871885774264,-0.110724788681822,-0.218330637326929,TRUE
"movement_g0p01_a0_m40","gapped_gaussian",0.01,0.01,0,40,40,199,TRUE,0.2,0,"movement_control","focal_movement","iid_units_nominal_contract",23,"E015",-0.114346183789217,-0.100306255522251,-0.114557273039307,-0.0978509372746161,0.000211089250089336,-0.00245531824763523,TRUE
"movement_g0p01_a0_m40","gapped_gaussian",0.01,0.01,0,40,40,199,TRUE,0.2,0,"movement_control","focal_movement","iid_units_nominal_contract",23,"E003",0.000993335771926951,0.00801292711981116,0.00115551548979709,0.0109581262656536,-0.000162179717870137,-0.0029451991458424,TRUE
"movement_g0p01_a0_m40","gapped_gaussian",0.01,0.01,0,40,40,199,TRUE,0.2,0,"movement_control","focal_movement","iid_units_nominal_contract",23,"E006",0.0923142721768551,0.053169484816262,0.0925330728618941,0.056064969653725,-0.000218800685038989,-0.00289548483746305,TRUE
"movement_g0p01_a0_m160","gapped_gaussian",0.01,0.01,0,160,40,199,TRUE,0.2,0,"movement_control","focal_movement","iid_units_nominal_contract",24,"E015",-0.114346183789217,-0.100306255522251,-0.114557273039307,-0.0978509372746161,0.000211089250089336,-0.00245531824763523,TRUE
"movement_g0p01_a0_m160","gapped_gaussian",0.01,0.01,0,160,40,199,TRUE,0.2,0,"movement_control","focal_movement","iid_units_nominal_contract",24,"E003",0.000993335771926951,0.00801292711981116,0.00115551548979709,0.0109581262656536,-0.000162179717870137,-0.0029451991458424,TRUE
"movement_g0p01_a0_m160","gapped_gaussian",0.01,0.01,0,160,40,199,TRUE,0.2,0,"movement_control","focal_movement","iid_units_nominal_contract",24,"E006",0.0923142721768551,0.053169484816262,0.0925330728618941,0.056064969653725,-0.000218800685038989,-0.00289548483746305,TRUE
"movement_g0p01_a0p5_m40","gapped_gaussian",0.01,0.01,0.5,40,40,199,TRUE,0.2,0,"movement_control","focal_movement","iid_units_nominal_contract",25,"E015",-0.173948696489758,-0.382843352321337,-0.127336748610366,-0.211273509107843,-0.0466119478793923,-0.171569843213494,TRUE
"movement_g0p01_a0p5_m40","gapped_gaussian",0.01,0.01,0.5,40,40,199,TRUE,0.2,0,"movement_control","focal_movement","iid_units_nominal_contract",25,"E003",-0.0925111123210429,-0.16834063073216,0.0133831269195583,0.0732809422523213,-0.105894239240601,-0.241621572984481,TRUE
"movement_g0p01_a0p5_m40","gapped_gaussian",0.01,0.01,0.5,40,40,199,TRUE,0.2,0,"movement_control","focal_movement","iid_units_nominal_contract",25,"E006",-0.0180529974221639,-0.18141462197714,0.0932780977134708,0.0537257031603007,-0.111331095135635,-0.235140325137441,TRUE
"movement_g0p01_a0p5_m160","gapped_gaussian",0.01,0.01,0.5,160,40,199,TRUE,0.2,0,"movement_control","focal_movement","iid_units_nominal_contract",26,"E015",-0.173948696489758,-0.382843352321337,-0.127336748610366,-0.211273509107843,-0.0466119478793923,-0.171569843213494,TRUE
"movement_g0p01_a0p5_m160","gapped_gaussian",0.01,0.01,0.5,160,40,199,TRUE,0.2,0,"movement_control","focal_movement","iid_units_nominal_contract",26,"E003",-0.0925111123210429,-0.16834063073216,0.0133831269195583,0.0732809422523213,-0.105894239240601,-0.241621572984481,TRUE
"movement_g0p01_a0p5_m160","gapped_gaussian",0.01,0.01,0.5,160,40,199,TRUE,0.2,0,"movement_control","focal_movement","iid_units_nominal_contract",26,"E006",-0.0180529974221639,-0.18141462197714,0.0932780977134708,0.0537257031603007,-0.111331095135635,-0.235140325137441,TRUE
"ar1_g1_a0_m40","gapped_gaussian",1,1,0,40,40,199,FALSE,0,0.5,"dependence_stress","null","dependence_stress_outside_iid_contract",27,"E015",0,0,0,0,0,0,TRUE
"ar1_g1_a0_m40","gapped_gaussian",1,1,0,40,40,199,FALSE,0,0.5,"dependence_stress","null","dependence_stress_outside_iid_contract",27,"E003",0,0,0,0,0,0,TRUE
"ar1_g1_a0_m40","gapped_gaussian",1,1,0,40,40,199,FALSE,0,0.5,"dependence_stress","null","dependence_stress_outside_iid_contract",27,"E006",0,0,0,-5.55111512312578e-17,0,5.55111512312578e-17,TRUE
"ar1_g1_a0_m160","gapped_gaussian",1,1,0,160,40,199,FALSE,0,0.5,"dependence_stress","null","dependence_stress_outside_iid_contract",28,"E015",0,0,0,0,0,0,TRUE
"ar1_g1_a0_m160","gapped_gaussian",1,1,0,160,40,199,FALSE,0,0.5,"dependence_stress","null","dependence_stress_outside_iid_contract",28,"E003",0,0,0,0,0,0,TRUE
"ar1_g1_a0_m160","gapped_gaussian",1,1,0,160,40,199,FALSE,0,0.5,"dependence_stress","null","dependence_stress_outside_iid_contract",28,"E006",0,0,0,-5.55111512312578e-17,0,5.55111512312578e-17,TRUE
"ar1_g0p01_a0_m40","gapped_gaussian",0.01,0.01,0,40,40,199,FALSE,0,0.5,"dependence_stress","null","dependence_stress_outside_iid_contract",29,"E015",2.77555756156289e-17,0,-1.11022302462516e-16,0,1.38777878078145e-16,0,TRUE
"ar1_g0p01_a0_m40","gapped_gaussian",0.01,0.01,0,40,40,199,FALSE,0,0.5,"dependence_stress","null","dependence_stress_outside_iid_contract",29,"E003",0,-5.55111512312578e-17,0,0,0,-5.55111512312578e-17,TRUE
"ar1_g0p01_a0_m40","gapped_gaussian",0.01,0.01,0,40,40,199,FALSE,0,0.5,"dependence_stress","null","dependence_stress_outside_iid_contract",29,"E006",0,-5.55111512312578e-17,0,0,0,-5.55111512312578e-17,TRUE
"ar1_g0p01_a0_m160","gapped_gaussian",0.01,0.01,0,160,40,199,FALSE,0,0.5,"dependence_stress","null","dependence_stress_outside_iid_contract",30,"E015",2.77555756156289e-17,0,-1.11022302462516e-16,0,1.38777878078145e-16,0,TRUE
"ar1_g0p01_a0_m160","gapped_gaussian",0.01,0.01,0,160,40,199,FALSE,0,0.5,"dependence_stress","null","dependence_stress_outside_iid_contract",30,"E003",0,-5.55111512312578e-17,0,0,0,-5.55111512312578e-17,TRUE
"ar1_g0p01_a0_m160","gapped_gaussian",0.01,0.01,0,160,40,199,FALSE,0,0.5,"dependence_stress","null","dependence_stress_outside_iid_contract",30,"E006",0,-5.55111512312578e-17,0,0,0,-5.55111512312578e-17,TRUE
"legacy_rare_axis_m12","rare_axis",NA,NA,0,12,80,199,TRUE,0.2,0,"sparse_unit_control","focal_movement","iid_units_nominal_contract",31,"E015",-0.113129377437189,-0.0752858900867672,-0.113109806214452,-0.0752900522209219,-1.95712227366585e-05,4.1621341546616e-06,TRUE
"legacy_rare_axis_m12","rare_axis",NA,NA,0,12,80,199,TRUE,0.2,0,"sparse_unit_control","focal_movement","iid_units_nominal_contract",31,"E003",1.20924713213899e-05,7.22192629420415e-05,1.25424190784429e-05,4.22335224476988e-05,-4.49947757052982e-07,2.99857404943427e-05,TRUE
"legacy_rare_axis_m12","rare_axis",NA,NA,0,12,80,199,TRUE,0.2,0,"sparse_unit_control","focal_movement","iid_units_nominal_contract",31,"E006",0.092498974941799,0.0564314061907016,0.0924962666384106,0.056404055243251,2.70830338844341e-06,2.7350947450655e-05,TRUE
