"case_id","scenario","g","signal_gap_fraction","a","m","M","B","focal_motion","movement_scale","rho_unit","role","target_regime","contract","case_index","anchor_set","period","n_anchors","singular_1","singular_2","singular_ratio","rank","condition"
"main_g1_a0_m40","gapped_gaussian",1,1,0,40,60,199,FALSE,0,0,"null_reference","null","iid_units_nominal_contract",1,"declared",1,11,4.45751078393346,0.724776665426873,0.162596727312302,2,6.1501852868126
"main_g1_a0_m40","gapped_gaussian",1,1,0,40,60,199,FALSE,0,0,"null_reference","null","iid_units_nominal_contract",1,"declared",2,11,4.45751078393346,0.724776665426873,0.162596727312302,2,6.1501852868126
"main_g1_a0_m40","gapped_gaussian",1,1,0,40,60,199,FALSE,0,0,"null_reference","null","iid_units_nominal_contract",1,"clean",1,8,3.62360618311421,0.553282118580748,0.152688258773541,2,6.54929205449348
"main_g1_a0_m40","gapped_gaussian",1,1,0,40,60,199,FALSE,0,0,"null_reference","null","iid_units_nominal_contract",1,"clean",2,8,3.62360618311421,0.553282118580748,0.152688258773541,2,6.54929205449348
"main_g1_a0_m160","gapped_gaussian",1,1,0,160,60,199,FALSE,0,0,"null_reference","null","iid_units_nominal_contract",2,"declared",1,11,4.45751078393346,0.724776665426873,0.162596727312302,2,6.1501852868126
"main_g1_a0_m160","gapped_gaussian",1,1,0,160,60,199,FALSE,0,0,"null_reference","null","iid_units_nominal_contract",2,"declared",2,11,4.45751078393346,0.724776665426873,0.162596727312302,2,6.1501852868126
"main_g1_a0_m160","gapped_gaussian",1,1,0,160,60,199,FALSE,0,0,"null_reference","null","iid_units_nominal_contract",2,"clean",1,8,3.62360618311421,0.553282118580748,0.152688258773541,2,6.54929205449348
"main_g1_a0_m160","gapped_gaussian",1,1,0,160,60,199,FALSE,0,0,"null_reference","null","iid_units_nominal_contract",2,"clean",2,8,3.62360618311421,0.553282118580748,0.152688258773541,2,6.54929205449348
"main_g1_a0p25_m40","gapped_gaussian",1,1,0.25,40,60,199,FALSE,0,0,"anchor_change","anchor_change","iid_units_nominal_contract",3,"declared",1,11,4.45751078393346,0.724776665426873,0.162596727312302,2,6.1501852868126
"main_g1_a0p25_m40","gapped_gaussian",1,1,0.25,40,60,199,FALSE,0,0,"anchor_change","anchor_change","iid_units_nominal_contract",3,"declared",2,11,4.39742965221345,0.818273143610771,0.186079871271822,2,5.37403639182026
"main_g1_a0p25_m40","gapped_gaussian",1,1,0.25,40,60,199,FALSE,0,0,"anchor_change","anchor_change","iid_units_nominal_contract",3,"clean",1,8,3.62360618311421,0.553282118580748,0.152688258773541,2,6.54929205449348
"main_g1_a0p25_m40","gapped_gaussian",1,1,0.25,40,60,199,FALSE,0,0,"anchor_change","anchor_change","iid_units_nominal_contract",3,"clean",2,8,3.62367014407713,0.553148173162501,0.152648599670866,2,6.55099360332261
"main_g1_a0p25_m160","gapped_gaussian",1,1,0.25,160,60,199,FALSE,0,0,"anchor_change","anchor_change","iid_units_nominal_contract",4,"declared",1,11,4.45751078393346,0.724776665426873,0.162596727312302,2,6.1501852868126
"main_g1_a0p25_m160","gapped_gaussian",1,1,0.25,160,60,199,FALSE,0,0,"anchor_change","anchor_change","iid_units_nominal_contract",4,"declared",2,11,4.39742965221345,0.818273143610771,0.186079871271822,2,5.37403639182026
"main_g1_a0p25_m160","gapped_gaussian",1,1,0.25,160,60,199,FALSE,0,0,"anchor_change","anchor_change","iid_units_nominal_contract",4,"clean",1,8,3.62360618311421,0.553282118580748,0.152688258773541,2,6.54929205449348
"main_g1_a0p25_m160","gapped_gaussian",1,1,0.25,160,60,199,FALSE,0,0,"anchor_change","anchor_change","iid_units_nominal_contract",4,"clean",2,8,3.62367014407713,0.553148173162501,0.152648599670866,2,6.55099360332261
"main_g1_a0p5_m40","gapped_gaussian",1,1,0.5,40,60,199,FALSE,0,0,"anchor_change","anchor_change","iid_units_nominal_contract",5,"declared",1,11,4.45751078393346,0.724776665426873,0.162596727312302,2,6.1501852868126
"main_g1_a0p5_m40","gapped_gaussian",1,1,0.5,40,60,199,FALSE,0,0,"anchor_change","anchor_change","iid_units_nominal_contract",5,"declared",2,11,4.35767212617973,1.06964233419696,0.245461866617002,2,4.07395256046152
"main_g1_a0p5_m40","gapped_gaussian",1,1,0.5,40,60,199,FALSE,0,0,"anchor_change","anchor_change","iid_units_nominal_contract",5,"clean",1,8,3.62360618311421,0.553282118580748,0.152688258773541,2,6.54929205449348
"main_g1_a0p5_m40","gapped_gaussian",1,1,0.5,40,60,199,FALSE,0,0,"anchor_change","anchor_change","iid_units_nominal_contract",5,"clean",2,8,3.62368549744317,0.553004215638662,0.152608226080562,2,6.55272671521715
"main_g1_a0p5_m160","gapped_gaussian",1,1,0.5,160,60,199,FALSE,0,0,"anchor_change","anchor_change","iid_units_nominal_contract",6,"declared",1,11,4.45751078393346,0.724776665426873,0.162596727312302,2,6.1501852868126
"main_g1_a0p5_m160","gapped_gaussian",1,1,0.5,160,60,199,FALSE,0,0,"anchor_change","anchor_change","iid_units_nominal_contract",6,"declared",2,11,4.35767212617973,1.06964233419696,0.245461866617002,2,4.07395256046152
"main_g1_a0p5_m160","gapped_gaussian",1,1,0.5,160,60,199,FALSE,0,0,"anchor_change","anchor_change","iid_units_nominal_contract",6,"clean",1,8,3.62360618311421,0.553282118580748,0.152688258773541,2,6.54929205449348
"main_g1_a0p5_m160","gapped_gaussian",1,1,0.5,160,60,199,FALSE,0,0,"anchor_change","anchor_change","iid_units_nominal_contract",6,"clean",2,8,3.62368549744317,0.553004215638662,0.152608226080562,2,6.55272671521715
"main_g0p1_a0_m40","gapped_gaussian",0.1,0.1,0,40,60,199,FALSE,0,0,"null_reference","null","iid_units_nominal_contract",7,"declared",1,11,4.45751078393346,0.724776665426873,0.162596727312302,2,6.1501852868126
"main_g0p1_a0_m40","gapped_gaussian",0.1,0.1,0,40,60,199,FALSE,0,0,"null_reference","null","iid_units_nominal_contract",7,"declared",2,11,4.45751078393346,0.724776665426873,0.162596727312302,2,6.1501852868126
"main_g0p1_a0_m40","gapped_gaussian",0.1,0.1,0,40,60,199,FALSE,0,0,"null_reference","null","iid_units_nominal_contract",7,"clean",1,8,3.62360618311421,0.55328211858075,0.152688258773542,2,6.54929205449346
"main_g0p1_a0_m40","gapped_gaussian",0.1,0.1,0,40,60,199,FALSE,0,0,"null_reference","null","iid_units_nominal_contract",7,"clean",2,8,3.62360618311421,0.55328211858075,0.152688258773542,2,6.54929205449346
"main_g0p1_a0_m160","gapped_gaussian",0.1,0.1,0,160,60,199,FALSE,0,0,"null_reference","null","iid_units_nominal_contract",8,"declared",1,11,4.45751078393346,0.724776665426873,0.162596727312302,2,6.1501852868126
"main_g0p1_a0_m160","gapped_gaussian",0.1,0.1,0,160,60,199,FALSE,0,0,"null_reference","null","iid_units_nominal_contract",8,"declared",2,11,4.45751078393346,0.724776665426873,0.162596727312302,2,6.1501852868126
"main_g0p1_a0_m160","gapped_gaussian",0.1,0.1,0,160,60,199,FALSE,0,0,"null_reference","null","iid_units_nominal_contract",8,"clean",1,8,3.62360618311421,0.55328211858075,0.152688258773542,2,6.54929205449346
"main_g0p1_a0_m160","gapped_gaussian",0.1,0.1,0,160,60,199,FALSE,0,0,"null_reference","null","iid_units_nominal_contract",8,"clean",2,8,3.62360618311421,0.55328211858075,0.152688258773542,2,6.54929205449346
"main_g0p1_a0p25_m40","gapped_gaussian",0.1,0.1,0.25,40,60,199,FALSE,0,0,"anchor_change","anchor_change","iid_units_nominal_contract",9,"declared",1,11,4.45751078393346,0.724776665426873,0.162596727312302,2,6.1501852868126
"main_g0p1_a0p25_m40","gapped_gaussian",0.1,0.1,0.25,40,60,199,FALSE,0,0,"anchor_change","anchor_change","iid_units_nominal_contract",9,"declared",2,11,4.39642773144836,0.871761265852567,0.198288546770988,2,5.04315562489317
"main_g0p1_a0p25_m40","gapped_gaussian",0.1,0.1,0.25,40,60,199,FALSE,0,0,"anchor_change","anchor_change","iid_units_nominal_contract",9,"clean",1,8,3.62360618311421,0.55328211858075,0.152688258773542,2,6.54929205449346
"main_g0p1_a0p25_m40","gapped_gaussian",0.1,0.1,0.25,40,60,199,FALSE,0,0,"anchor_change","anchor_change","iid_units_nominal_contract",9,"clean",2,8,3.62216982099653,0.610489387434726,0.168542453171555,2,5.93322323950114
"main_g0p1_a0p25_m160","gapped_gaussian",0.1,0.1,0.25,160,60,199,FALSE,0,0,"anchor_change","anchor_change","iid_units_nominal_contract",10,"declared",1,11,4.45751078393346,0.724776665426873,0.162596727312302,2,6.1501852868126
"main_g0p1_a0p25_m160","gapped_gaussian",0.1,0.1,0.25,160,60,199,FALSE,0,0,"anchor_change","anchor_change","iid_units_nominal_contract",10,"declared",2,11,4.39642773144836,0.871761265852567,0.198288546770988,2,5.04315562489317
"main_g0p1_a0p25_m160","gapped_gaussian",0.1,0.1,0.25,160,60,199,FALSE,0,0,"anchor_change","anchor_change","iid_units_nominal_contract",10,"clean",1,8,3.62360618311421,0.55328211858075,0.152688258773542,2,6.54929205449346
"main_g0p1_a0p25_m160","gapped_gaussian",0.1,0.1,0.25,160,60,199,FALSE,0,0,"anchor_change","anchor_change","iid_units_nominal_contract",10,"clean",2,8,3.62216982099653,0.610489387434726,0.168542453171555,2,5.93322323950114
"main_g0p1_a0p5_m40","gapped_gaussian",0.1,0.1,0.5,40,60,199,FALSE,0,0,"anchor_change","anchor_change","iid_units_nominal_contract",11,"declared",1,11,4.45751078393346,0.724776665426873,0.162596727312302,2,6.1501852868126
"main_g0p1_a0p5_m40","gapped_gaussian",0.1,0.1,0.5,40,60,199,FALSE,0,0,"anchor_change","anchor_change","iid_units_nominal_contract",11,"declared",2,11,4.35595686862951,1.14742569873209,0.263415303075097,2,3.79628665580948
"main_g0p1_a0p5_m40","gapped_gaussian",0.1,0.1,0.5,40,60,199,FALSE,0,0,"anchor_change","anchor_change","iid_units_nominal_contract",11,"clean",1,8,3.62360618311421,0.55328211858075,0.152688258773542,2,6.54929205449346
"main_g0p1_a0p5_m40","gapped_gaussian",0.1,0.1,0.5,40,60,199,FALSE,0,0,"anchor_change","anchor_change","iid_units_nominal_contract",11,"clean",2,8,3.62078035868068,0.625767882592842,0.172826799916926,2,5.78613965241894
"main_g0p1_a0p5_m160","gapped_gaussian",0.1,0.1,0.5,160,60,199,FALSE,0,0,"anchor_change","anchor_change","iid_units_nominal_contract",12,"declared",1,11,4.45751078393346,0.724776665426873,0.162596727312302,2,6.1501852868126
"main_g0p1_a0p5_m160","gapped_gaussian",0.1,0.1,0.5,160,60,199,FALSE,0,0,"anchor_change","anchor_change","iid_units_nominal_contract",12,"declared",2,11,4.35595686862951,1.14742569873209,0.263415303075097,2,3.79628665580948
"main_g0p1_a0p5_m160","gapped_gaussian",0.1,0.1,0.5,160,60,199,FALSE,0,0,"anchor_change","anchor_change","iid_units_nominal_contract",12,"clean",1,8,3.62360618311421,0.55328211858075,0.152688258773542,2,6.54929205449346
"main_g0p1_a0p5_m160","gapped_gaussian",0.1,0.1,0.5,160,60,199,FALSE,0,0,"anchor_change","anchor_change","iid_units_nominal_contract",12,"clean",2,8,3.62078035868068,0.625767882592842,0.172826799916926,2,5.78613965241894
"main_g0p01_a0_m40","gapped_gaussian",0.01,0.01,0,40,60,199,FALSE,0,0,"null_reference","null","iid_units_nominal_contract",13,"declared",1,11,4.45751078393345,0.72477666542687,0.162596727312301,2,6.15018528681262
"main_g0p01_a0_m40","gapped_gaussian",0.01,0.01,0,40,60,199,FALSE,0,0,"null_reference","null","iid_units_nominal_contract",13,"declared",2,11,4.45751078393345,0.72477666542687,0.162596727312301,2,6.15018528681262
"main_g0p01_a0_m40","gapped_gaussian",0.01,0.01,0,40,60,199,FALSE,0,0,"null_reference","null","iid_units_nominal_contract",13,"clean",1,8,3.62360618311421,0.553282118580765,0.152688258773546,2,6.54929205449327
"main_g0p01_a0_m40","gapped_gaussian",0.01,0.01,0,40,60,199,FALSE,0,0,"null_reference","null","iid_units_nominal_contract",13,"clean",2,8,3.62360618311421,0.553282118580765,0.152688258773546,2,6.54929205449327
"main_g0p01_a0_m160","gapped_gaussian",0.01,0.01,0,160,60,199,FALSE,0,0,"null_reference","null","iid_units_nominal_contract",14,"declared",1,11,4.45751078393345,0.72477666542687,0.162596727312301,2,6.15018528681262
"main_g0p01_a0_m160","gapped_gaussian",0.01,0.01,0,160,60,199,FALSE,0,0,"null_reference","null","iid_units_nominal_contract",14,"declared",2,11,4.45751078393345,0.72477666542687,0.162596727312301,2,6.15018528681262
"main_g0p01_a0_m160","gapped_gaussian",0.01,0.01,0,160,60,199,FALSE,0,0,"null_reference","null","iid_units_nominal_contract",14,"clean",1,8,3.62360618311421,0.553282118580765,0.152688258773546,2,6.54929205449327
"main_g0p01_a0_m160","gapped_gaussian",0.01,0.01,0,160,60,199,FALSE,0,0,"null_reference","null","iid_units_nominal_contract",14,"clean",2,8,3.62360618311421,0.553282118580765,0.152688258773546,2,6.54929205449327
"main_g0p01_a0p25_m40","gapped_gaussian",0.01,0.01,0.25,40,60,199,FALSE,0,0,"anchor_change","anchor_change","iid_units_nominal_contract",15,"declared",1,11,4.45751078393345,0.72477666542687,0.162596727312301,2,6.15018528681262
"main_g0p01_a0p25_m40","gapped_gaussian",0.01,0.01,0.25,40,60,199,FALSE,0,0,"anchor_change","anchor_change","iid_units_nominal_contract",15,"declared",2,11,4.39716659853291,0.961145351560458,0.218582882868513,2,4.57492364853446
"main_g0p01_a0p25_m40","gapped_gaussian",0.01,0.01,0.25,40,60,199,FALSE,0,0,"anchor_change","anchor_change","iid_units_nominal_contract",15,"clean",1,8,3.62360618311421,0.553282118580765,0.152688258773546,2,6.54929205449327
"main_g0p01_a0p25_m40","gapped_gaussian",0.01,0.01,0.25,40,60,199,FALSE,0,0,"anchor_change","anchor_change","iid_units_nominal_contract",15,"clean",2,8,3.62187873168473,0.713449032176759,0.196983136385932,2,5.0765766976153
"main_g0p01_a0p25_m160","gapped_gaussian",0.01,0.01,0.25,160,60,199,FALSE,0,0,"anchor_change","anchor_change","iid_units_nominal_contract",16,"declared",1,11,4.45751078393345,0.72477666542687,0.162596727312301,2,6.15018528681262
"main_g0p01_a0p25_m160","gapped_gaussian",0.01,0.01,0.25,160,60,199,FALSE,0,0,"anchor_change","anchor_change","iid_units_nominal_contract",16,"declared",2,11,4.39716659853291,0.961145351560458,0.218582882868513,2,4.57492364853446
"main_g0p01_a0p25_m160","gapped_gaussian",0.01,0.01,0.25,160,60,199,FALSE,0,0,"anchor_change","anchor_change","iid_units_nominal_contract",16,"clean",1,8,3.62360618311421,0.553282118580765,0.152688258773546,2,6.54929205449327
"main_g0p01_a0p25_m160","gapped_gaussian",0.01,0.01,0.25,160,60,199,FALSE,0,0,"anchor_change","anchor_change","iid_units_nominal_contract",16,"clean",2,8,3.62187873168473,0.713449032176759,0.196983136385932,2,5.0765766976153
"main_g0p01_a0p5_m40","gapped_gaussian",0.01,0.01,0.5,40,60,199,FALSE,0,0,"anchor_change","anchor_change","iid_units_nominal_contract",17,"declared",1,11,4.45751078393345,0.72477666542687,0.162596727312301,2,6.15018528681262
"main_g0p01_a0p5_m40","gapped_gaussian",0.01,0.01,0.5,40,60,199,FALSE,0,0,"anchor_change","anchor_change","iid_units_nominal_contract",17,"declared",2,11,4.35635686261009,1.19892043783654,0.275211713743353,2,3.63356626939413
"main_g0p01_a0p5_m40","gapped_gaussian",0.01,0.01,0.5,40,60,199,FALSE,0,0,"anchor_change","anchor_change","iid_units_nominal_contract",17,"clean",1,8,3.62360618311421,0.553282118580765,0.152688258773546,2,6.54929205449327
"main_g0p01_a0p5_m40","gapped_gaussian",0.01,0.01,0.5,40,60,199,FALSE,0,0,"anchor_change","anchor_change","iid_units_nominal_contract",17,"clean",2,8,3.62055686016236,0.68787646799257,0.189991897534161,2,5.26338234934571
"main_g0p01_a0p5_m160","gapped_gaussian",0.01,0.01,0.5,160,60,199,FALSE,0,0,"anchor_change","anchor_change","iid_units_nominal_contract",18,"declared",1,11,4.45751078393345,0.72477666542687,0.162596727312301,2,6.15018528681262
"main_g0p01_a0p5_m160","gapped_gaussian",0.01,0.01,0.5,160,60,199,FALSE,0,0,"anchor_change","anchor_change","iid_units_nominal_contract",18,"declared",2,11,4.35635686261009,1.19892043783654,0.275211713743353,2,3.63356626939413
"main_g0p01_a0p5_m160","gapped_gaussian",0.01,0.01,0.5,160,60,199,FALSE,0,0,"anchor_change","anchor_change","iid_units_nominal_contract",18,"clean",1,8,3.62360618311421,0.553282118580765,0.152688258773546,2,6.54929205449327
"main_g0p01_a0p5_m160","gapped_gaussian",0.01,0.01,0.5,160,60,199,FALSE,0,0,"anchor_change","anchor_change","iid_units_nominal_contract",18,"clean",2,8,3.62055686016236,0.68787646799257,0.189991897534161,2,5.26338234934571
"movement_g1_a0_m40","gapped_gaussian",1,1,0,40,40,199,TRUE,0.2,0,"movement_control","focal_movement","iid_units_nominal_contract",19,"declared",1,11,4.45751078393346,0.724776665426873,0.162596727312302,2,6.1501852868126
"movement_g1_a0_m40","gapped_gaussian",1,1,0,40,40,199,TRUE,0.2,0,"movement_control","focal_movement","iid_units_nominal_contract",19,"declared",2,11,4.45758628648759,0.724599362568833,0.162554197720262,2,6.15179438011739
"movement_g1_a0_m40","gapped_gaussian",1,1,0,40,40,199,TRUE,0.2,0,"movement_control","focal_movement","iid_units_nominal_contract",19,"clean",1,8,3.62360618311421,0.553282118580748,0.152688258773541,2,6.54929205449348
"movement_g1_a0_m40","gapped_gaussian",1,1,0,40,40,199,TRUE,0.2,0,"movement_control","focal_movement","iid_units_nominal_contract",19,"clean",2,8,3.62362821970107,0.553152774021284,0.152651635455835,2,6.55086332363154
"movement_g1_a0_m160","gapped_gaussian",1,1,0,160,40,199,TRUE,0.2,0,"movement_control","focal_movement","iid_units_nominal_contract",20,"declared",1,11,4.45751078393346,0.724776665426873,0.162596727312302,2,6.1501852868126
"movement_g1_a0_m160","gapped_gaussian",1,1,0,160,40,199,TRUE,0.2,0,"movement_control","focal_movement","iid_units_nominal_contract",20,"declared",2,11,4.45758628648759,0.724599362568833,0.162554197720262,2,6.15179438011739
"movement_g1_a0_m160","gapped_gaussian",1,1,0,160,40,199,TRUE,0.2,0,"movement_control","focal_movement","iid_units_nominal_contract",20,"clean",1,8,3.62360618311421,0.553282118580748,0.152688258773541,2,6.54929205449348
"movement_g1_a0_m160","gapped_gaussian",1,1,0,160,40,199,TRUE,0.2,0,"movement_control","focal_movement","iid_units_nominal_contract",20,"clean",2,8,3.62362821970107,0.553152774021284,0.152651635455835,2,6.55086332363154
"movement_g1_a0p5_m40","gapped_gaussian",1,1,0.5,40,40,199,TRUE,0.2,0,"movement_control","focal_movement","iid_units_nominal_contract",21,"declared",1,11,4.45751078393346,0.724776665426873,0.162596727312302,2,6.1501852868126
"movement_g1_a0p5_m40","gapped_gaussian",1,1,0.5,40,40,199,TRUE,0.2,0,"movement_control","focal_movement","iid_units_nominal_contract",21,"declared",2,11,4.35775591207272,1.06945834995641,0.245414927209112,2,4.07473176702052
"movement_g1_a0p5_m40","gapped_gaussian",1,1,0.5,40,40,199,TRUE,0.2,0,"movement_control","focal_movement","iid_units_nominal_contract",21,"clean",1,8,3.62360618311421,0.553282118580748,0.152688258773541,2,6.54929205449348
"movement_g1_a0p5_m40","gapped_gaussian",1,1,0.5,40,40,199,TRUE,0.2,0,"movement_control","focal_movement","iid_units_nominal_contract",21,"clean",2,8,3.62371137638809,0.552915778129166,0.152582730990094,2,6.55382161212544
"movement_g1_a0p5_m160","gapped_gaussian",1,1,0.5,160,40,199,TRUE,0.2,0,"movement_control","focal_movement","iid_units_nominal_contract",22,"declared",1,11,4.45751078393346,0.724776665426873,0.162596727312302,2,6.1501852868126
"movement_g1_a0p5_m160","gapped_gaussian",1,1,0.5,160,40,199,TRUE,0.2,0,"movement_control","focal_movement","iid_units_nominal_contract",22,"declared",2,11,4.35775591207272,1.06945834995641,0.245414927209112,2,4.07473176702052
"movement_g1_a0p5_m160","gapped_gaussian",1,1,0.5,160,40,199,TRUE,0.2,0,"movement_control","focal_movement","iid_units_nominal_contract",22,"clean",1,8,3.62360618311421,0.553282118580748,0.152688258773541,2,6.54929205449348
"movement_g1_a0p5_m160","gapped_gaussian",1,1,0.5,160,40,199,TRUE,0.2,0,"movement_control","focal_movement","iid_units_nominal_contract",22,"clean",2,8,3.62371137638809,0.552915778129166,0.152582730990094,2,6.55382161212544
"movement_g0p01_a0_m40","gapped_gaussian",0.01,0.01,0,40,40,199,TRUE,0.2,0,"movement_control","focal_movement","iid_units_nominal_contract",23,"declared",1,11,4.45751078393345,0.72477666542687,0.162596727312301,2,6.15018528681262
"movement_g0p01_a0_m40","gapped_gaussian",0.01,0.01,0,40,40,199,TRUE,0.2,0,"movement_control","focal_movement","iid_units_nominal_contract",23,"declared",2,11,4.45740947686692,0.724680470854897,0.162578841952001,2,6.15086187103753
"movement_g0p01_a0_m40","gapped_gaussian",0.01,0.01,0,40,40,199,TRUE,0.2,0,"movement_control","focal_movement","iid_units_nominal_contract",23,"clean",1,8,3.62360618311421,0.553282118580765,0.152688258773546,2,6.54929205449327
"movement_g0p01_a0_m40","gapped_gaussian",0.01,0.01,0,40,40,199,TRUE,0.2,0,"movement_control","focal_movement","iid_units_nominal_contract",23,"clean",2,8,3.62346054370325,0.55908623911689,0.154296212798137,2,6.48104047315978
"movement_g0p01_a0_m160","gapped_gaussian",0.01,0.01,0,160,40,199,TRUE,0.2,0,"movement_control","focal_movement","iid_units_nominal_contract",24,"declared",1,11,4.45751078393345,0.72477666542687,0.162596727312301,2,6.15018528681262
"movement_g0p01_a0_m160","gapped_gaussian",0.01,0.01,0,160,40,199,TRUE,0.2,0,"movement_control","focal_movement","iid_units_nominal_contract",24,"declared",2,11,4.45740947686692,0.724680470854897,0.162578841952001,2,6.15086187103753
"movement_g0p01_a0_m160","gapped_gaussian",0.01,0.01,0,160,40,199,TRUE,0.2,0,"movement_control","focal_movement","iid_units_nominal_contract",24,"clean",1,8,3.62360618311421,0.553282118580765,0.152688258773546,2,6.54929205449327
"movement_g0p01_a0_m160","gapped_gaussian",0.01,0.01,0,160,40,199,TRUE,0.2,0,"movement_control","focal_movement","iid_units_nominal_contract",24,"clean",2,8,3.62346054370325,0.55908623911689,0.154296212798137,2,6.48104047315978
"movement_g0p01_a0p5_m40","gapped_gaussian",0.01,0.01,0.5,40,40,199,TRUE,0.2,0,"movement_control","focal_movement","iid_units_nominal_contract",25,"declared",1,11,4.45751078393345,0.72477666542687,0.162596727312301,2,6.15018528681262
"movement_g0p01_a0p5_m40","gapped_gaussian",0.01,0.01,0.5,40,40,199,TRUE,0.2,0,"movement_control","focal_movement","iid_units_nominal_contract",25,"declared",2,11,4.3564235190166,1.15616644309286,0.265393490335817,2,3.76798993349326
"movement_g0p01_a0p5_m40","gapped_gaussian",0.01,0.01,0.5,40,40,199,TRUE,0.2,0,"movement_control","focal_movement","iid_units_nominal_contract",25,"clean",1,8,3.62360618311421,0.553282118580765,0.152688258773546,2,6.54929205449327
"movement_g0p01_a0p5_m40","gapped_gaussian",0.01,0.01,0.5,40,40,199,TRUE,0.2,0,"movement_control","focal_movement","iid_units_nominal_contract",25,"clean",2,8,3.62117478529819,0.635689502551932,0.175547865055507,2,5.69645207410415
"movement_g0p01_a0p5_m160","gapped_gaussian",0.01,0.01,0.5,160,40,199,TRUE,0.2,0,"movement_control","focal_movement","iid_units_nominal_contract",26,"declared",1,11,4.45751078393345,0.72477666542687,0.162596727312301,2,6.15018528681262
"movement_g0p01_a0p5_m160","gapped_gaussian",0.01,0.01,0.5,160,40,199,TRUE,0.2,0,"movement_control","focal_movement","iid_units_nominal_contract",26,"declared",2,11,4.3564235190166,1.15616644309286,0.265393490335817,2,3.76798993349326
"movement_g0p01_a0p5_m160","gapped_gaussian",0.01,0.01,0.5,160,40,199,TRUE,0.2,0,"movement_control","focal_movement","iid_units_nominal_contract",26,"clean",1,8,3.62360618311421,0.553282118580765,0.152688258773546,2,6.54929205449327
"movement_g0p01_a0p5_m160","gapped_gaussian",0.01,0.01,0.5,160,40,199,TRUE,0.2,0,"movement_control","focal_movement","iid_units_nominal_contract",26,"clean",2,8,3.62117478529819,0.635689502551932,0.175547865055507,2,5.69645207410415
"ar1_g1_a0_m40","gapped_gaussian",1,1,0,40,40,199,FALSE,0,0.5,"dependence_stress","null","dependence_stress_outside_iid_contract",27,"declared",1,11,4.45751078393346,0.724776665426873,0.162596727312302,2,6.1501852868126
"ar1_g1_a0_m40","gapped_gaussian",1,1,0,40,40,199,FALSE,0,0.5,"dependence_stress","null","dependence_stress_outside_iid_contract",27,"declared",2,11,4.45751078393346,0.724776665426873,0.162596727312302,2,6.1501852868126
"ar1_g1_a0_m40","gapped_gaussian",1,1,0,40,40,199,FALSE,0,0.5,"dependence_stress","null","dependence_stress_outside_iid_contract",27,"clean",1,8,3.62360618311421,0.553282118580748,0.152688258773541,2,6.54929205449348
"ar1_g1_a0_m40","gapped_gaussian",1,1,0,40,40,199,FALSE,0,0.5,"dependence_stress","null","dependence_stress_outside_iid_contract",27,"clean",2,8,3.62360618311421,0.553282118580748,0.152688258773541,2,6.54929205449348
"ar1_g1_a0_m160","gapped_gaussian",1,1,0,160,40,199,FALSE,0,0.5,"dependence_stress","null","dependence_stress_outside_iid_contract",28,"declared",1,11,4.45751078393346,0.724776665426873,0.162596727312302,2,6.1501852868126
"ar1_g1_a0_m160","gapped_gaussian",1,1,0,160,40,199,FALSE,0,0.5,"dependence_stress","null","dependence_stress_outside_iid_contract",28,"declared",2,11,4.45751078393346,0.724776665426873,0.162596727312302,2,6.1501852868126
"ar1_g1_a0_m160","gapped_gaussian",1,1,0,160,40,199,FALSE,0,0.5,"dependence_stress","null","dependence_stress_outside_iid_contract",28,"clean",1,8,3.62360618311421,0.553282118580748,0.152688258773541,2,6.54929205449348
"ar1_g1_a0_m160","gapped_gaussian",1,1,0,160,40,199,FALSE,0,0.5,"dependence_stress","null","dependence_stress_outside_iid_contract",28,"clean",2,8,3.62360618311421,0.553282118580748,0.152688258773541,2,6.54929205449348
"ar1_g0p01_a0_m40","gapped_gaussian",0.01,0.01,0,40,40,199,FALSE,0,0.5,"dependence_stress","null","dependence_stress_outside_iid_contract",29,"declared",1,11,4.45751078393345,0.72477666542687,0.162596727312301,2,6.15018528681262
"ar1_g0p01_a0_m40","gapped_gaussian",0.01,0.01,0,40,40,199,FALSE,0,0.5,"dependence_stress","null","dependence_stress_outside_iid_contract",29,"declared",2,11,4.45751078393345,0.72477666542687,0.162596727312301,2,6.15018528681262
"ar1_g0p01_a0_m40","gapped_gaussian",0.01,0.01,0,40,40,199,FALSE,0,0.5,"dependence_stress","null","dependence_stress_outside_iid_contract",29,"clean",1,8,3.62360618311421,0.553282118580765,0.152688258773546,2,6.54929205449327
"ar1_g0p01_a0_m40","gapped_gaussian",0.01,0.01,0,40,40,199,FALSE,0,0.5,"dependence_stress","null","dependence_stress_outside_iid_contract",29,"clean",2,8,3.62360618311421,0.553282118580765,0.152688258773546,2,6.54929205449327
"ar1_g0p01_a0_m160","gapped_gaussian",0.01,0.01,0,160,40,199,FALSE,0,0.5,"dependence_stress","null","dependence_stress_outside_iid_contract",30,"declared",1,11,4.45751078393345,0.72477666542687,0.162596727312301,2,6.15018528681262
"ar1_g0p01_a0_m160","gapped_gaussian",0.01,0.01,0,160,40,199,FALSE,0,0.5,"dependence_stress","null","dependence_stress_outside_iid_contract",30,"declared",2,11,4.45751078393345,0.72477666542687,0.162596727312301,2,6.15018528681262
"ar1_g0p01_a0_m160","gapped_gaussian",0.01,0.01,0,160,40,199,FALSE,0,0.5,"dependence_stress","null","dependence_stress_outside_iid_contract",30,"clean",1,8,3.62360618311421,0.553282118580765,0.152688258773546,2,6.54929205449327
"ar1_g0p01_a0_m160","gapped_gaussian",0.01,0.01,0,160,40,199,FALSE,0,0.5,"dependence_stress","null","dependence_stress_outside_iid_contract",30,"clean",2,8,3.62360618311421,0.553282118580765,0.152688258773546,2,6.54929205449327
"legacy_rare_axis_m12","rare_axis",NA,NA,0,12,80,199,TRUE,0.2,0,"sparse_unit_control","focal_movement","iid_units_nominal_contract",31,"declared",1,11,4.45751078393346,0.724776665426873,0.162596727312302,2,6.15018528681261
"legacy_rare_axis_m12","rare_axis",NA,NA,0,12,80,199,TRUE,0.2,0,"sparse_unit_control","focal_movement","iid_units_nominal_contract",31,"declared",2,11,4.45758628648759,0.724599362568834,0.162554197720262,2,6.15179438011738
"legacy_rare_axis_m12","rare_axis",NA,NA,0,12,80,199,TRUE,0.2,0,"sparse_unit_control","focal_movement","iid_units_nominal_contract",31,"clean",1,8,3.62360618311421,0.553282118580748,0.152688258773542,2,6.54929205449348
"legacy_rare_axis_m12","rare_axis",NA,NA,0,12,80,199,TRUE,0.2,0,"sparse_unit_control","focal_movement","iid_units_nominal_contract",31,"clean",2,8,3.62362821970108,0.553152774021284,0.152651635455835,2,6.55086332363154
