group,filename,bytes,sha256,library_file_id,file_id,version,source,local_status
ancestral_raw_prefix,driftmapR-S07-R1-r1-final-raw20260921-09-raw-csv-002-products-part-001.tar.gz,33954741,6086d9d529d98647929294d148ed98e0d106bb1026b0668833d2c9cc9f427653,libfile_e411d09108bc8191a9a7178da4ced772,file_000000000ac081fda4b4ae1a60f9e0ac,0,Recovery009/evidence/raw/restored-057.json,not_recovered
ancestral_raw_prefix,driftmapR-S07-R1-r1-final-raw20260921-09-raw-csv-003-products-part-001.tar.gz,34002141,f2d915837dbb89b0c598b98bc81aac30cb402f85438ac2654d633eff230552d0,libfile_f08dfdd861788191a6631fbe8a5d78c9,file_0000000028ec81fd83bf0cadb18b0b17,0,Recovery009/evidence/raw/restored-058.json,not_recovered
ancestral_raw_prefix,driftmapR-S07-R1-r1-final-raw20260921-09-raw-csv-004-products-part-001.tar.gz,34032085,94198323159c5d60effdd9464bf8dc8a6d7663d2e6ed9bcab847ca448ca54885,libfile_a113ac4b275c8191b3848512818bbe59,file_0000000064c481fd9a74471d8b8c9a74,0,Recovery009/evidence/raw/restored-059.json,not_recovered
ancestral_raw_prefix,driftmapR-S07-R1-r1-final-raw20260921-09-raw-csv-005-products-part-001.tar.gz,34085336,a7bfcc2c42a39be2b2b4b04558e3d263ce68cbb61a835132bf6dd7a9095e06fa,libfile_2c0650a7d5988191bcf5f2807c1070e3,file_00000000d80081fd90253a36f2f654fd,0,Recovery009/evidence/raw/restored-060.json,not_recovered
ancestral_raw_prefix,driftmapR-S07-R1-r1-final-raw20260921-09-raw-csv-006-products-part-001.tar.gz,34048370,d771bf65685b0c06561ff9ac228b37d111b82553d129a1b80a5715b746d93edb,libfile_08f135a6d1008191b8ffed1a3ac48352,file_00000000776081fd973ce3da3a2f9445,0,Recovery009/evidence/raw/restored-061.json,not_recovered
ancestral_raw_prefix,driftmapR-S07-R1-r1-final-raw20260921-09-raw-csv-007-products-part-001.tar.gz,33956609,330425320975226ba7363f537461a99d7ae1481633e706eeb45d3d3af75217f9,libfile_f5eb0b27e3e081918359c101543ca442,file_0000000032f081fd9f7020b056f2237e,0,Recovery009/evidence/raw/restored-062.json,not_recovered
ancestral_raw_prefix,driftmapR-S07-R1-r1-final-raw20260921-09-raw-csv-008-products-part-001.tar.gz,33965112,6d69a1703e70f3043188e69cfbe531ca6f094bafb4ef461146ca24fcfcb224cf,libfile_53282141f48c8191a94bbb8925b1bb37,file_00000000241881fdb29167a1fa95010a,0,Recovery009/evidence/raw/restored-063.json,not_recovered
ancestral_raw_prefix,driftmapR-S07-R1-r1-final-raw20260921-09-raw-csv-009-products-part-001.tar.gz,19377422,b93a4ca3bcdeb7c2ef9c640bb23a99f78af6bd6df4ce439bf5cf7eb7d261c3b5,libfile_36c3535b7488819182ff3225b76b18f7,file_00000000d21881fd86130cd193c9123c,0,Recovery009/evidence/raw/restored-064.json,not_recovered
ancestral_raw_prefix,driftmapR-S07-R1-r1-final-raw20260921-10-raw-csv-001-products-part-001.tar.gz,48595809,3fd093e5059608627ce94882afafaf076fca3baedd80d4bcd07c631b590b8a8c,libfile_6e95bc2e5a0481919ff5dfa330337c7c,file_000000004c7c81fba78d0280f9ffc503,0,Recovery009/evidence/raw/restored-065.json,not_recovered
ancestral_raw_prefix,driftmapR-S07-R1-r1-final-raw20260921-10-raw-csv-002-products-part-001.tar.gz,33941797,fef54d855c604bd0f1890418bbfd90a95f6b03056dfc3944b34eb227d2d81fa6,libfile_78b5ae1752688191a72e5c8633bdd4ae,file_0000000085e081fdaadf4b4e862c0096,0,Recovery009/evidence/raw/restored-066.json,not_recovered
ancestral_raw_prefix,driftmapR-S07-R1-r1-final-raw20260921-10-raw-csv-003-products-part-001.tar.gz,34052865,951b0f107cbc505a8abd5d8a03d06ff58ddf3e1ac962ba530a4cf26bb92d1be6,libfile_92a6514155e88191ada681577f0e1dee,file_00000000a62881fdab26801149aa2424,0,Recovery009/evidence/raw/restored-067.json,not_recovered
ancestral_raw_prefix,driftmapR-S07-R1-r1-final-raw20260921-10-raw-csv-004-products-part-001.tar.gz,34026959,588638b8347588a5be24affe0c94225c0fce2eefaa882d0ac3daa09ed56a20cd,libfile_4d1e8f7981c081919130ea60602bc2b2,file_000000002d3081fd9a0624dd188d1ecc,0,Recovery009/evidence/raw/restored-068.json,not_recovered
ancestral_raw_prefix,driftmapR-S07-R1-r1-final-raw20260921-10-raw-csv-005-products-part-001.tar.gz,33918144,306438a60c82f8d20f780516282083ee560df13be0884d2ee83cfb559f7987e7,libfile_1720c2c777408191ac75fbfabce775cd,file_00000000827c82309130399cd8e0c67d,0,Recovery009/evidence/raw/restored-069.json,not_recovered
ancestral_raw_prefix,driftmapR-S07-R1-r1-final-raw20260921-10-raw-csv-006-products-part-001.tar.gz,34020210,be146b70d5410881df92a67fa4127148e0d497507865bfb6a33fba18020af1c0,libfile_783cfded38148191a25e8ab38f47a4d6,file_00000000a63481fd9bad512957ef80ea,0,Recovery009/evidence/raw/restored-070.json,not_recovered
ancestral_raw_prefix,driftmapR-S07-R1-r1-final-raw20260921-10-raw-csv-007-products-part-001.tar.gz,34014995,1d51cb390cae85b27278ca6e1531db9b215ec71d86e8e1ca0e16e3e4e2996a4d,libfile_8766c50222f881918168bd4d3378cb34,file_00000000336c81fbbdaa99a467861ae8,0,Recovery009/evidence/raw/restored-071.json,not_recovered
ancestral_raw_prefix,driftmapR-S07-R1-r1-final-raw20260921-10-raw-csv-008-products-part-001.tar.gz,33948347,987c7cba134bb92176e72553afaec412bd4d4934818c3d1b3d6f6dde61c94cf0,libfile_b724d410c0048191ba4880a02ba05ffa,file_0000000052f481fd9bf38aacb8959f1f,0,Recovery009/evidence/raw/restored-072.json,not_recovered
ancestral_raw_prefix,driftmapR-S07-R1-r1-final-raw20260921-10-raw-csv-009-products-part-001.tar.gz,19516201,936c817ba87c3d08573451e079516078199cb77fab46410e6160c2a9d1f3afec,libfile_386b6110fcf481919921eed06f5b34fc,file_00000000401081fd8f4203ff07597224,0,Recovery009/evidence/raw/restored-073.json,not_recovered
ancestral_raw_prefix,driftmapR-S07-R1-r1-final-raw20260921-11-raw-csv-001-products-part-001.tar.gz,48537252,2dfbcc722e78117a4a781a64bccb774163b35457ff94981a617f61bd3bc3cb69,libfile_6cf5d83e174c8191b5c4bb35e01deb71,file_000000006e3c81fdb520402e9f80e9ad,0,Recovery009/evidence/raw/restored-074.json,not_recovered
ancestral_raw_prefix,driftmapR-S07-R1-r1-final-raw20260921-11-raw-csv-002-products-part-001.tar.gz,34014842,3098176a5c7c1930dc596749c8b2be7d23a94fc839270892761450f0b82a1c3d,libfile_c18b42f7ecf881918afdd1fbf5d5777a,file_00000000608081fd954265d7ca11fe40,0,Recovery009/evidence/raw/restored-075.json,not_recovered
ancestral_raw_prefix,driftmapR-S07-R1-r1-final-raw20260921-11-raw-csv-003-products-part-001.tar.gz,33962126,84077803279c6b291eba183a6f6b424fa9972274b5521e7ab7335e3d4698338a,libfile_585b3220368881918bc1ad414da4c226,file_00000000233081fdb34e8650252b19dc,0,Recovery009/evidence/raw/restored-076.json,not_recovered
ancestral_raw_prefix,driftmapR-S07-R1-r1-final-raw20260921-11-raw-csv-004-products-part-001.tar.gz,47146042,ccbba939660e5344e84d99a6c5c66bd9f1042a9e51577a941ce2d7fd6e1a7bbd,libfile_ee8d36858f748191891d1003ded10113,file_00000000e30481fd8a9b165c53a159f7,0,Recovery009/evidence/raw/restored-077.json,not_recovered
ancestral_raw_prefix,driftmapR-S07-R1-r1-final-raw20260921-11-raw-csv-005-products-part-001.tar.gz,51943854,90160e069118ef593538d418c7a3710a7781dd82ee279fcdea0784a2cc7cbae3,libfile_4e22f4fdac3c8191a0af0d4e07965e04,file_00000000d33481fdb5e743095866211a,0,Recovery009/evidence/raw/restored-078.json,not_recovered
ancestral_raw_prefix,driftmapR-S07-R1-r1-final-raw20260921-11-raw-csv-006-products-part-001.tar.gz,52027555,ff555a550ac260425e313f9e021d940574e729b814beb4772203babffe787591,libfile_27fa06731b0c8191904de6efc760abd5,file_000000008e2881fd87f746f455b306b7,0,Recovery009/evidence/raw/restored-079.json,not_recovered
ancestral_raw_prefix,driftmapR-S07-R1-r1-final-raw20260921-11-raw-csv-007-products-part-001.tar.gz,2433009,01dcf36f98dfddd57c825ca2835c5e07183f7de3d1ada1ca2f616997b8692e98,libfile_ba388c8268bc819194e0f21dcbaa94f2,file_00000000602481fd8460f7db9657c98b,0,Recovery009/evidence/raw/restored-080.json,not_recovered
