"check","passed","detail"
"Every recovered R source parses under inspection R runtime",TRUE,"191"
"Frozen metadata identify scientific R 4.5.3",TRUE,""
"Frozen plan has exactly 6480 unique jobs",TRUE,""
"Receipt filenames equal the frozen planned job grid",TRUE,""
"All input-verification receipts: readable",TRUE,"6480"
"All input-verification receipts: planned_job_match",TRUE,"6480"
"All input-verification receipts: frozen_identity_match",TRUE,"6480"
"All input-verification receipts: ledger_checkpoint_match",TRUE,"6480 checkpoint references; 3916 applicable ledger comparisons"
"All input-verification receipts: md5_shape_valid",TRUE,"6480"
"Exactly 3916 receipt-to-cache checkpoint hash comparisons",TRUE,""
"Receipts retain one uniform collector driver identity",TRUE,""
"Exactly 3916 readable compact caches",TRUE,""
"All compact caches have named data-frame components",TRUE,""
"Every cache table matches its planned panel or explicit population-level schema",TRUE,""
"All 480 population derivative tables identical within each of 9 cases",TRUE,""
"Audit did not create or change an R random-number state",TRUE,""
