"path","parsed","error"
"study07-execution/R/analysis.R",TRUE,""
"study07-execution/R/controls.R",TRUE,""
"study07-execution/R/diagnostics.R",TRUE,""
"study07-execution/R/figures.R",TRUE,""
"study07-execution/R/full.R",TRUE,""
"study07-execution/R/generator.R",TRUE,""
"study07-execution/R/guards.R",TRUE,""
"study07-execution/R/load.R",TRUE,""
"study07-execution/R/population.R",TRUE,""
"study07-execution/R/runner.R",TRUE,""
"study07-execution/R/validation.R",TRUE,""
"study07-execution/scripts/freeze.R",TRUE,""
"study07-execution/scripts/run.R",TRUE,""
"study07-execution/scripts/test.R",TRUE,""
"study07-execution/scripts/verify.R",TRUE,""
"study07-execution/tests/test-analysis.R",TRUE,""
"study07-execution/tests/test-contracts.R",TRUE,""
"study07-recovery/R/controls.R",TRUE,""
"study07-recovery/R/guards.R",TRUE,""
"study07-recovery/R/load.R",TRUE,""
"study07-recovery/R/orchestration.R",TRUE,""
"study07-recovery/R/runner.R",TRUE,""
"study07-recovery/evidence/numerical-and-seal-review/deterministic-factor-review-R-summary.R",TRUE,""
"study07-recovery/evidence/numerical-and-seal-review/deterministic_factor_review.R",TRUE,""
"study07-recovery/scripts/freeze.R",TRUE,""
"study07-recovery/scripts/run.R",TRUE,""
"study07-recovery/scripts/test.R",TRUE,""
"study07-recovery/scripts/verify.R",TRUE,""
"study07-recovery/tests/test-controls.R",TRUE,""
"study07-recovery/tests/test-integration.R",TRUE,""
"study07-recovery/tests/test-runner.R",TRUE,""
"study07-specification/R/design.R",TRUE,""
"study07-specification/R/math-contracts.R",TRUE,""
"study07-specification/scripts/build-plan.R",TRUE,""
"study07-specification/scripts/test.R",TRUE,""
"study07-specification/vendor/study06-execution/R/analysis.R",TRUE,""
"study07-specification/vendor/study06-execution/R/diagnostics.R",TRUE,""
"study07-specification/vendor/study06-execution/R/figures.R",TRUE,""
"study07-specification/vendor/study06-execution/R/generator.R",TRUE,""
"study07-specification/vendor/study06-execution/R/guards.R",TRUE,""
"study07-specification/vendor/study06-execution/R/load.R",TRUE,""
"study07-specification/vendor/study06-execution/R/runner.R",TRUE,""
"study07-specification/vendor/study06-execution/R/screen-adapter.R",TRUE,""
"study07-specification/vendor/study06-execution/R/validation.R",TRUE,""
"study07-specification/vendor/study06-execution/provenance/s05-r1/freeze.R",TRUE,""
"study07-specification/vendor/study06-execution/provenance/s05-r1/load.R",TRUE,""
"study07-specification/vendor/study06-execution/provenance/s05-r1/main.R",TRUE,""
"study07-specification/vendor/study06-execution/provenance/s05-r1/run.R",TRUE,""
"study07-specification/vendor/study06-execution/provenance/s05-r1/test.R",TRUE,""
"study07-specification/vendor/study06-execution/provenance/s05-r1/tests/test-recovery.R",TRUE,""
"study07-specification/vendor/study06-execution/provenance/s05-r1/verify.R",TRUE,""
"study07-specification/vendor/study06-execution/scripts/freeze.R",TRUE,""
"study07-specification/vendor/study06-execution/scripts/run.R",TRUE,""
"study07-specification/vendor/study06-execution/scripts/test.R",TRUE,""
"study07-specification/vendor/study06-execution/scripts/verify-provenance.R",TRUE,""
"study07-specification/vendor/study06-execution/scripts/verify.R",TRUE,""
"study07-specification/vendor/study06-execution/tests/helper-fixture.R",TRUE,""
"study07-specification/vendor/study06-execution/tests/test-accounting-analysis.R",TRUE,""
"study07-specification/vendor/study06-execution/tests/test-guards-generator.R",TRUE,""
"study07-specification/vendor/study06-execution/tests/test-recovery.R",TRUE,""
"study07-specification/vendor/study06-execution/tests/test-screen-failures.R",TRUE,""
"study07-specification/vendor/study06-reporting-recovery/R/cohorts.R",TRUE,""
"study07-specification/vendor/study06-reporting-recovery/R/covariance.R",TRUE,""
"study07-specification/vendor/study06-reporting-recovery/R/load.R",TRUE,""
"study07-specification/vendor/study06-reporting-recovery/R/recovery.R",TRUE,""
"study07-specification/vendor/study06-reporting-recovery/scripts/run.R",TRUE,""
"study07-specification/vendor/study06-reporting-recovery/scripts/test.R",TRUE,""
"study07-specification/vendor/study06-reporting-recovery/tests/test-key-stability.R",TRUE,""
"study07-specification/vendor/study06-reporting-recovery/tests/test-reporting.R",TRUE,""
"study07-specification/vendor/study06-specification/R/accounting.R",TRUE,""
"study07-specification/vendor/study06-specification/R/design.R",TRUE,""
"study07-specification/vendor/study06-specification/R/load.R",TRUE,""
"study07-specification/vendor/study06-specification/R/screen.R",TRUE,""
"study07-specification/vendor/study06-specification/scripts/validate.R",TRUE,""
"study07-specification/vendor/study06-specification/scripts/verify-restored.R",TRUE,""
"study07-specification/vendor/study06-specification/tests/test-specification.R",TRUE,""
"study07-specification/vendor/study06-specification/vendor/driftmapR/R/alignment.R",TRUE,""
"study07-specification/vendor/study06-specification/vendor/driftmapR/R/bootstrap-fit.R",TRUE,""
"study07-specification/vendor/study06-specification/vendor/driftmapR/R/bootstrap-rng.R",TRUE,""
"study07-specification/vendor/study06-specification/vendor/driftmapR/R/bootstrap-summary.R",TRUE,""
"study07-specification/vendor/study06-specification/vendor/driftmapR/R/bootstrap.R",TRUE,""
"study07-specification/vendor/study06-specification/vendor/driftmapR/R/cluster-assignment.R",TRUE,""
"study07-specification/vendor/study06-specification/vendor/driftmapR/R/cluster-matching.R",TRUE,""
"study07-specification/vendor/study06-specification/vendor/driftmapR/R/cmds-kernel.R",TRUE,""
"study07-specification/vendor/study06-specification/vendor/driftmapR/R/data.R",TRUE,""
"study07-specification/vendor/study06-specification/vendor/driftmapR/R/driftmapR-package.R",TRUE,""
"study07-specification/vendor/study06-specification/vendor/driftmapR/R/embedding.R",TRUE,""
"study07-specification/vendor/study06-specification/vendor/driftmapR/R/movement.R",TRUE,""
"study07-specification/vendor/study06-specification/vendor/driftmapR/R/plot.R",TRUE,""
"study07-specification/vendor/study06-specification/vendor/driftmapR/data-raw/calibration-01/analyze.R",TRUE,""
"study07-specification/vendor/study06-specification/vendor/driftmapR/data-raw/calibration-01/diagnostics.R",TRUE,""
"study07-specification/vendor/study06-specification/vendor/driftmapR/data-raw/calibration-01/model.R",TRUE,""
"study07-specification/vendor/study06-specification/vendor/driftmapR/data-raw/calibration-01/regions.R",TRUE,""
"study07-specification/vendor/study06-specification/vendor/driftmapR/data-raw/calibration-01/run-tests.R",TRUE,""
"study07-specification/vendor/study06-specification/vendor/driftmapR/data-raw/calibration-01/run.R",TRUE,""
"study07-specification/vendor/study06-specification/vendor/driftmapR/data-raw/calibration-01/tests/test-analysis.R",TRUE,""
"study07-specification/vendor/study06-specification/vendor/driftmapR/data-raw/calibration-01/tests/test-model.R",TRUE,""
"study07-specification/vendor/study06-specification/vendor/driftmapR/data-raw/calibration-01/tests/test-regions.R",TRUE,""
"study07-specification/vendor/study06-specification/vendor/driftmapR/data-raw/calibration-01/tests/test-runner.R",TRUE,""
"study07-specification/vendor/study06-specification/vendor/driftmapR/data-raw/calibration-01/tests/test-validator.R",TRUE,""
"study07-specification/vendor/study06-specification/vendor/driftmapR/data-raw/calibration-01/validate.R",TRUE,""
"study07-specification/vendor/study06-specification/vendor/driftmapR/data-raw/calibration-02/analyze.R",TRUE,""
"study07-specification/vendor/study06-specification/vendor/driftmapR/data-raw/calibration-02/audit.R",TRUE,""
"study07-specification/vendor/study06-specification/vendor/driftmapR/data-raw/calibration-02/diagnose.R",TRUE,""
"study07-specification/vendor/study06-specification/vendor/driftmapR/data-raw/calibration-02/kernel.R",TRUE,""
"study07-specification/vendor/study06-specification/vendor/driftmapR/data-raw/calibration-02/model.R",TRUE,""
"study07-specification/vendor/study06-specification/vendor/driftmapR/data-raw/calibration-02/run.R",TRUE,""
"study07-specification/vendor/study06-specification/vendor/driftmapR/data-raw/calibration-02/supplemental-analysis.R",TRUE,""
"study07-specification/vendor/study06-specification/vendor/driftmapR/data-raw/calibration-02/tests/test-analysis.R",TRUE,""
"study07-specification/vendor/study06-specification/vendor/driftmapR/data-raw/calibration-02/tests/test-audit.R",TRUE,""
"study07-specification/vendor/study06-specification/vendor/driftmapR/data-raw/calibration-02/tests/test-kernel.R",TRUE,""
"study07-specification/vendor/study06-specification/vendor/driftmapR/data-raw/calibration-02/tests/test-runner.R",TRUE,""
"study07-specification/vendor/study06-specification/vendor/driftmapR/data-raw/calibration-02/tests/test-supplemental.R",TRUE,""
"study07-specification/vendor/study06-specification/vendor/driftmapR/data-raw/calibration-02/validate.R",TRUE,""
"study07-specification/vendor/study06-specification/vendor/driftmapR/data-raw/calibration-03/analyze.R",TRUE,""
"study07-specification/vendor/study06-specification/vendor/driftmapR/data-raw/calibration-03/audit.R",TRUE,""
"study07-specification/vendor/study06-specification/vendor/driftmapR/data-raw/calibration-03/freeze.R",TRUE,""
"study07-specification/vendor/study06-specification/vendor/driftmapR/data-raw/calibration-03/jackknife.R",TRUE,""
"study07-specification/vendor/study06-specification/vendor/driftmapR/data-raw/calibration-03/model.R",TRUE,""
"study07-specification/vendor/study06-specification/vendor/driftmapR/data-raw/calibration-03/regions.R",TRUE,""
"study07-specification/vendor/study06-specification/vendor/driftmapR/data-raw/calibration-03/run.R",TRUE,""
"study07-specification/vendor/study06-specification/vendor/driftmapR/data-raw/calibration-03/test.R",TRUE,""
"study07-specification/vendor/study06-specification/vendor/driftmapR/data-raw/calibration-03/tests/test-analysis.R",TRUE,""
"study07-specification/vendor/study06-specification/vendor/driftmapR/data-raw/calibration-03/tests/test-audit.R",TRUE,""
"study07-specification/vendor/study06-specification/vendor/driftmapR/data-raw/calibration-03/tests/test-jackknife.R",TRUE,""
"study07-specification/vendor/study06-specification/vendor/driftmapR/data-raw/calibration-03/tests/test-regions.R",TRUE,""
"study07-specification/vendor/study06-specification/vendor/driftmapR/data-raw/calibration-03/tests/test-runner.R",TRUE,""
"study07-specification/vendor/study06-specification/vendor/driftmapR/data-raw/calibration-03/validate.R",TRUE,""
"study07-specification/vendor/study06-specification/vendor/driftmapR/data-raw/calibration-04/analyze.R",TRUE,""
"study07-specification/vendor/study06-specification/vendor/driftmapR/data-raw/calibration-04/audit.R",TRUE,""
"study07-specification/vendor/study06-specification/vendor/driftmapR/data-raw/calibration-04/frame.R",TRUE,""
"study07-specification/vendor/study06-specification/vendor/driftmapR/data-raw/calibration-04/freeze.R",TRUE,""
"study07-specification/vendor/study06-specification/vendor/driftmapR/data-raw/calibration-04/model.R",TRUE,""
"study07-specification/vendor/study06-specification/vendor/driftmapR/data-raw/calibration-04/run.R",TRUE,""
"study07-specification/vendor/study06-specification/vendor/driftmapR/data-raw/calibration-04/test.R",TRUE,""
"study07-specification/vendor/study06-specification/vendor/driftmapR/data-raw/calibration-04/tests/test-analysis.R",TRUE,""
"study07-specification/vendor/study06-specification/vendor/driftmapR/data-raw/calibration-04/tests/test-design.R",TRUE,""
"study07-specification/vendor/study06-specification/vendor/driftmapR/data-raw/calibration-04/tests/test-frame.R",TRUE,""
"study07-specification/vendor/study06-specification/vendor/driftmapR/data-raw/calibration-04/tests/test-validation.R",TRUE,""
"study07-specification/vendor/study06-specification/vendor/driftmapR/data-raw/calibration-04/validate.R",TRUE,""
"study07-specification/vendor/study06-specification/vendor/driftmapR/data-raw/calibration-05/contract.R",TRUE,""
"study07-specification/vendor/study06-specification/vendor/driftmapR/data-raw/calibration-05/execution/accounting.R",TRUE,""
"study07-specification/vendor/study06-specification/vendor/driftmapR/data-raw/calibration-05/execution/analyze.R",TRUE,""
"study07-specification/vendor/study06-specification/vendor/driftmapR/data-raw/calibration-05/execution/audit.R",TRUE,""
"study07-specification/vendor/study06-specification/vendor/driftmapR/data-raw/calibration-05/execution/core.R",TRUE,""
"study07-specification/vendor/study06-specification/vendor/driftmapR/data-raw/calibration-05/execution/covariance-analysis.R",TRUE,""
"study07-specification/vendor/study06-specification/vendor/driftmapR/data-raw/calibration-05/execution/freeze.R",TRUE,""
"study07-specification/vendor/study06-specification/vendor/driftmapR/data-raw/calibration-05/execution/geometry.R",TRUE,""
"study07-specification/vendor/study06-specification/vendor/driftmapR/data-raw/calibration-05/execution/load.R",TRUE,""
"study07-specification/vendor/study06-specification/vendor/driftmapR/data-raw/calibration-05/execution/run.R",TRUE,""
"study07-specification/vendor/study06-specification/vendor/driftmapR/data-raw/calibration-05/execution/runner.R",TRUE,""
"study07-specification/vendor/study06-specification/vendor/driftmapR/data-raw/calibration-05/execution/test.R",TRUE,""
"study07-specification/vendor/study06-specification/vendor/driftmapR/data-raw/calibration-05/execution/tests/test-analysis.R",TRUE,""
"study07-specification/vendor/study06-specification/vendor/driftmapR/data-raw/calibration-05/execution/tests/test-audits-validation.R",TRUE,""
"study07-specification/vendor/study06-specification/vendor/driftmapR/data-raw/calibration-05/execution/tests/test-covariance-analysis.R",TRUE,""
"study07-specification/vendor/study06-specification/vendor/driftmapR/data-raw/calibration-05/execution/tests/test-independent-validation.R",TRUE,""
"study07-specification/vendor/study06-specification/vendor/driftmapR/data-raw/calibration-05/execution/tests/test-kernel.R",TRUE,""
"study07-specification/vendor/study06-specification/vendor/driftmapR/data-raw/calibration-05/execution/tests/test-pipeline.R",TRUE,""
"study07-specification/vendor/study06-specification/vendor/driftmapR/data-raw/calibration-05/execution/tests/test-runner-contract.R",TRUE,""
"study07-specification/vendor/study06-specification/vendor/driftmapR/data-raw/calibration-05/execution/tests/test-stage-accounting.R",TRUE,""
"study07-specification/vendor/study06-specification/vendor/driftmapR/data-raw/calibration-05/execution/validate.R",TRUE,""
"study07-specification/vendor/study06-specification/vendor/driftmapR/data-raw/calibration-05/freeze.R",TRUE,""
"study07-specification/vendor/study06-specification/vendor/driftmapR/data-raw/calibration-05/load.R",TRUE,""
"study07-specification/vendor/study06-specification/vendor/driftmapR/data-raw/calibration-05/model.R",TRUE,""
"study07-specification/vendor/study06-specification/vendor/driftmapR/data-raw/calibration-05/plan.R",TRUE,""
"study07-specification/vendor/study06-specification/vendor/driftmapR/data-raw/calibration-05/test.R",TRUE,""
"study07-specification/vendor/study06-specification/vendor/driftmapR/data-raw/calibration-05/tests/test-contract.R",TRUE,""
"study07-specification/vendor/study06-specification/vendor/driftmapR/data-raw/calibration-05/tests/test-integration.R",TRUE,""
"study07-specification/vendor/study06-specification/vendor/driftmapR/data-raw/calibration-05/tests/test-model.R",TRUE,""
"study07-specification/vendor/study06-specification/vendor/driftmapR/data-raw/run-tests.R",TRUE,""
"study07-specification/vendor/study06-specification/vendor/driftmapR/data-raw/simulate-bootstrap.R",TRUE,""
"study07-specification/vendor/study06-specification/vendor/driftmapR/data-raw/simulate-clusters.R",TRUE,""
"study07-specification/vendor/study06-specification/vendor/driftmapR/data-raw/simulate-embeddings.R",TRUE,""
"study07-specification/vendor/study06-specification/vendor/driftmapR/data-raw/simulate-prototype.R",TRUE,""
"study07-specification/vendor/study06-specification/vendor/driftmapR/inst/examples/basic-workflow.R",TRUE,""
"study07-specification/vendor/study06-specification/vendor/driftmapR/inst/examples/cluster-correspondence.R",TRUE,""
"study07-specification/vendor/study06-specification/vendor/driftmapR/inst/examples/embedding-adapters.R",TRUE,""
"study07-specification/vendor/study06-specification/vendor/driftmapR/inst/examples/paired-bootstrap.R",TRUE,""
"study07-specification/vendor/study06-specification/vendor/driftmapR/tests/testthat.R",TRUE,""
"study07-specification/vendor/study06-specification/vendor/driftmapR/tests/testthat/helper-fixtures.R",TRUE,""
"study07-specification/vendor/study06-specification/vendor/driftmapR/tests/testthat/test-alignment.R",TRUE,""
"study07-specification/vendor/study06-specification/vendor/driftmapR/tests/testthat/test-bootstrap-fit.R",TRUE,""
"study07-specification/vendor/study06-specification/vendor/driftmapR/tests/testthat/test-bootstrap-summary.R",TRUE,""
"study07-specification/vendor/study06-specification/vendor/driftmapR/tests/testthat/test-bootstrap.R",TRUE,""
"study07-specification/vendor/study06-specification/vendor/driftmapR/tests/testthat/test-cluster-matching.R",TRUE,""
"study07-specification/vendor/study06-specification/vendor/driftmapR/tests/testthat/test-cluster-solver.R",TRUE,""
"study07-specification/vendor/study06-specification/vendor/driftmapR/tests/testthat/test-cmds-kernel.R",TRUE,""
"study07-specification/vendor/study06-specification/vendor/driftmapR/tests/testthat/test-data.R",TRUE,""
"study07-specification/vendor/study06-specification/vendor/driftmapR/tests/testthat/test-embedding.R",TRUE,""
"study07-specification/vendor/study06-specification/vendor/driftmapR/tests/testthat/test-movement.R",TRUE,""
"study07-specification/vendor/study06-specification/vendor/driftmapR/tests/testthat/test-plot.R",TRUE,""
