"file","md5"
"../calibration-01/model.R","7e7e7a96a7128556b3ce94174e23e670"
"../calibration-01/regions.R","e326bd515657df068f7fd12b17642806"
"../calibration-02/kernel.R","e640631679aedc0c55a61b88d5e72089"
"analyze.R","d8348b288b1a197c25f5f1d1a468fa78"
"audit.R","f15a88a73d2c18feffa0f0d32b0eb53e"
"freeze.R","52a2c3efd8f811c1d4a4f46cdc46da67"
"jackknife.R","4531125b8acec99c683abed88759c386"
"method-specification.md","912895804794251528d5de58d18f0ea4"
"model.R","13ca8d6010f97f377089d1ae921901c2"
"README.md","354ccc582662287ae306bf5bde8ad81b"
"regions.R","c0d202405951b442f13f7161d02eeb0e"
"run.R","83a2a3033ad8aae99f5390db5df08479"
"test.R","112d7a2cf9ec8d4b7b883aebe80bff7b"
"tests/test-analysis.R","38e6710da0058aa6e5d1454f21d59b6d"
"tests/test-audit.R","78b122d2f7f2c3a47e7398ca778cf2c8"
"tests/test-jackknife.R","0414ba418e29092715bcc56621b06539"
"tests/test-regions.R","ae08197f0de35d7d102c4c8727f32827"
"tests/test-runner.R","5292077de4057098b31b943fd910dcdc"
"validate.R","5fa994bb0889afbfa73a67bde5124af2"
